<?xml version="1.0"?>
<MethodSetup Method="BDT::BDT1.000000">
  <GeneralInfo>
    <Info name="TMVA Release" value="4.2.1 [262657]"/>
    <Info name="ROOT Release" value="6.20/00 [398336]"/>
    <Info name="Creator" value="riccardo"/>
    <Info name="Date" value="Wed Mar 15 19:55:15 2023"/>
    <Info name="Host" value="Linux Riccardo 5.5.7-arch1-1 #1 SMP PREEMPT Sat, 29 Feb 2020 19:06:02 +0000 x86_64 GNU/Linux"/>
    <Info name="Dir" value="/home/riccardo/Desktop/Analisi_Dati_2/train"/>
    <Info name="Training events" value="20000"/>
    <Info name="TrainingTime" value="4.36658859e-02"/>
    <Info name="AnalysisType" value="Classification"/>
  </GeneralInfo>
  <Options>
    <Option name="V" modified="No">False</Option>
    <Option name="VerbosityLevel" modified="No">Default</Option>
    <Option name="VarTransform" modified="No">None</Option>
    <Option name="H" modified="No">False</Option>
    <Option name="CreateMVAPdfs" modified="No">False</Option>
    <Option name="IgnoreNegWeightsInTraining" modified="No">False</Option>
    <Option name="NTrees" modified="Yes">1</Option>
    <Option name="MaxDepth" modified="No">3</Option>
    <Option name="MinNodeSize" modified="No">5%</Option>
    <Option name="nCuts" modified="No">20</Option>
    <Option name="BoostType" modified="Yes">AdaBoost</Option>
    <Option name="AdaBoostR2Loss" modified="No">quadratic</Option>
    <Option name="UseBaggedBoost" modified="No">False</Option>
    <Option name="Shrinkage" modified="No">1.000000e+00</Option>
    <Option name="AdaBoostBeta" modified="No">5.000000e-01</Option>
    <Option name="UseRandomisedTrees" modified="No">False</Option>
    <Option name="UseNvars" modified="No">2</Option>
    <Option name="UsePoissonNvars" modified="No">True</Option>
    <Option name="BaggedSampleFraction" modified="No">6.000000e-01</Option>
    <Option name="UseYesNoLeaf" modified="No">True</Option>
    <Option name="NegWeightTreatment" modified="No">inverseboostnegweights</Option>
    <Option name="Css" modified="No">1.000000e+00</Option>
    <Option name="Cts_sb" modified="No">1.000000e+00</Option>
    <Option name="Ctb_ss" modified="No">1.000000e+00</Option>
    <Option name="Cbb" modified="No">1.000000e+00</Option>
    <Option name="NodePurityLimit" modified="No">5.000000e-01</Option>
    <Option name="SeparationType" modified="No">giniindex</Option>
    <Option name="RegressionLossFunctionBDTG" modified="No">huber</Option>
    <Option name="HuberQuantile" modified="No">7.000000e-01</Option>
    <Option name="DoBoostMonitor" modified="No">False</Option>
    <Option name="UseFisherCuts" modified="No">False</Option>
    <Option name="MinLinCorrForFisher" modified="No">8.000000e-01</Option>
    <Option name="UseExclusiveVars" modified="No">False</Option>
    <Option name="DoPreselection" modified="No">False</Option>
    <Option name="SigToBkgFraction" modified="No">1.000000e+00</Option>
    <Option name="PruneMethod" modified="No">nopruning</Option>
    <Option name="PruneStrength" modified="No">0.000000e+00</Option>
    <Option name="PruningValFraction" modified="No">5.000000e-01</Option>
    <Option name="SkipNormalization" modified="No">False</Option>
    <Option name="nEventsMin" modified="No">0</Option>
    <Option name="UseBaggedGrad" modified="No">False</Option>
    <Option name="GradBaggingFraction" modified="No">6.000000e-01</Option>
    <Option name="UseNTrainEvents" modified="No">0</Option>
    <Option name="NNodesMax" modified="No">0</Option>
  </Options>
  <Variables NVar="3">
    <Variable VarIndex="0" Expression="x" Label="x" Title="x" Unit="" Internal="x" Type="F" Min="-4.67145538e+00" Max="4.73376560e+00"/>
    <Variable VarIndex="1" Expression="y" Label="y" Title="y" Unit="" Internal="y" Type="F" Min="-2.61296296e+00" Max="4.42140055e+00"/>
    <Variable VarIndex="2" Expression="z" Label="z" Title="z" Unit="" Internal="z" Type="F" Min="1.03908125e-04" Max="9.99966502e-01"/>
  </Variables>
  <Spectators NSpec="0"/>
  <Classes NClass="2">
    <Class Name="Signal" Index="0"/>
    <Class Name="Background" Index="1"/>
  </Classes>
  <Transformations NTransformations="0"/>
  <MVAPdfs/>
  <Weights NTrees="1" AnalysisType="0">
    <BinaryTree type="DecisionTree" boostWeight="8.9448113230349691e-01" itree="0">
      <Node pos="s" depth="0" NCoef="0" IVar="1" Cut="7.3673397302627563e-01" cType="1" res="-9.9000000000000000e+01" rms="0.0000000000000000e+00" purity="5.0000000000000000e-01" nType="0">
        <Node pos="l" depth="1" NCoef="0" IVar="0" Cut="-1.5288368463516235e+00" cType="0" res="-9.9000000000000000e+01" rms="0.0000000000000000e+00" purity="7.4726361036300659e-01" nType="0">
          <Node pos="l" depth="2" NCoef="0" IVar="0" Cut="1.4543396234512329e+00" cType="1" res="-9.9000000000000000e+01" rms="0.0000000000000000e+00" purity="8.0726587772369385e-01" nType="0">
            <Node pos="l" depth="3" NCoef="0" IVar="-1" Cut="0.0000000000000000e+00" cType="1" res="-9.9000000000000000e+01" rms="0.0000000000000000e+00" purity="8.8462823629379272e-01" nType="1"/>
            <Node pos="r" depth="3" NCoef="0" IVar="-1" Cut="0.0000000000000000e+00" cType="1" res="-9.9000000000000000e+01" rms="0.0000000000000000e+00" purity="1.9363395869731903e-01" nType="-1"/>
          </Node>
          <Node pos="r" depth="2" NCoef="0" IVar="-1" Cut="0.0000000000000000e+00" cType="1" res="-9.9000000000000000e+01" rms="0.0000000000000000e+00" purity="1.6666667163372040e-01" nType="-1"/>
        </Node>
        <Node pos="r" depth="1" NCoef="0" IVar="2" Cut="4.2883720993995667e-01" cType="1" res="-9.9000000000000000e+01" rms="0.0000000000000000e+00" purity="1.8872825801372528e-01" nType="0">
          <Node pos="l" depth="2" NCoef="0" IVar="-1" Cut="0.0000000000000000e+00" cType="1" res="-9.9000000000000000e+01" rms="0.0000000000000000e+00" purity="6.0173159837722778e-01" nType="1"/>
          <Node pos="r" depth="2" NCoef="0" IVar="-1" Cut="1.2631623744964600e+00" cType="1" res="-9.9000000000000000e+01" rms="0.0000000000000000e+00" purity="1.2676970660686493e-01" nType="-1"/>
        </Node>
      </Node>
    </BinaryTree>
  </Weights>
</MethodSetup>
