<?xml version="1.0"?>
<MethodSetup Method="BDT::BDT50.000000">
  <GeneralInfo>
    <Info name="TMVA Release" value="4.2.1 [262657]"/>
    <Info name="ROOT Release" value="6.20/00 [398336]"/>
    <Info name="Creator" value="riccardo"/>
    <Info name="Date" value="Wed Mar 15 19:55:16 2023"/>
    <Info name="Host" value="Linux Riccardo 5.5.7-arch1-1 #1 SMP PREEMPT Sat, 29 Feb 2020 19:06:02 +0000 x86_64 GNU/Linux"/>
    <Info name="Dir" value="/home/riccardo/Desktop/Analisi_Dati_2/train"/>
    <Info name="Training events" value="20000"/>
    <Info name="TrainingTime" value="3.96602869e-01"/>
    <Info name="AnalysisType" value="Classification"/>
  </GeneralInfo>
  <Options>
    <Option name="V" modified="No">False</Option>
    <Option name="VerbosityLevel" modified="No">Default</Option>
    <Option name="VarTransform" modified="No">None</Option>
    <Option name="H" modified="No">False</Option>
    <Option name="CreateMVAPdfs" modified="No">False</Option>
    <Option name="IgnoreNegWeightsInTraining" modified="No">False</Option>
    <Option name="NTrees" modified="Yes">50</Option>
    <Option name="MaxDepth" modified="No">3</Option>
    <Option name="MinNodeSize" modified="No">5%</Option>
    <Option name="nCuts" modified="No">20</Option>
    <Option name="BoostType" modified="Yes">AdaBoost</Option>
    <Option name="AdaBoostR2Loss" modified="No">quadratic</Option>
    <Option name="UseBaggedBoost" modified="No">False</Option>
    <Option name="Shrinkage" modified="No">1.000000e+00</Option>
    <Option name="AdaBoostBeta" modified="No">5.000000e-01</Option>
    <Option name="UseRandomisedTrees" modified="No">False</Option>
    <Option name="UseNvars" modified="No">2</Option>
    <Option name="UsePoissonNvars" modified="No">True</Option>
    <Option name="BaggedSampleFraction" modified="No">6.000000e-01</Option>
    <Option name="UseYesNoLeaf" modified="No">True</Option>
    <Option name="NegWeightTreatment" modified="No">inverseboostnegweights</Option>
    <Option name="Css" modified="No">1.000000e+00</Option>
    <Option name="Cts_sb" modified="No">1.000000e+00</Option>
    <Option name="Ctb_ss" modified="No">1.000000e+00</Option>
    <Option name="Cbb" modified="No">1.000000e+00</Option>
    <Option name="NodePurityLimit" modified="No">5.000000e-01</Option>
    <Option name="SeparationType" modified="No">giniindex</Option>
    <Option name="RegressionLossFunctionBDTG" modified="No">huber</Option>
    <Option name="HuberQuantile" modified="No">7.000000e-01</Option>
    <Option name="DoBoostMonitor" modified="No">False</Option>
    <Option name="UseFisherCuts" modified="No">False</Option>
    <Option name="MinLinCorrForFisher" modified="No">8.000000e-01</Option>
    <Option name="UseExclusiveVars" modified="No">False</Option>
    <Option name="DoPreselection" modified="No">False</Option>
    <Option name="SigToBkgFraction" modified="No">1.000000e+00</Option>
    <Option name="PruneMethod" modified="No">nopruning</Option>
    <Option name="PruneStrength" modified="No">0.000000e+00</Option>
    <Option name="PruningValFraction" modified="No">5.000000e-01</Option>
    <Option name="SkipNormalization" modified="No">False</Option>
    <Option name="nEventsMin" modified="No">0</Option>
    <Option name="UseBaggedGrad" modified="No">False</Option>
    <Option name="GradBaggingFraction" modified="No">6.000000e-01</Option>
    <Option name="UseNTrainEvents" modified="No">0</Option>
    <Option name="NNodesMax" modified="No">0</Option>
  </Options>
  <Variables NVar="3">
    <Variable VarIndex="0" Expression="x" Label="x" Title="x" Unit="" Internal="x" Type="F" Min="-4.67145538e+00" Max="4.73376560e+00"/>
    <Variable VarIndex="1" Expression="y" Label="y" Title="y" Unit="" Internal="y" Type="F" Min="-2.61296296e+00" Max="4.42140055e+00"/>
    <Variable VarIndex="2" Expression="z" Label="z" Title="z" Unit="" Internal="z" Type="F" Min="1.03908125e-04" Max="9.99966502e-01"/>
  </Variables>
  <Spectators NSpec="0"/>
  <Classes NClass="2">
    <Class Name="Signal" Index="0"/>
    <Class Name="Background" Index="1"/>
  </Classes>
  <Transformations NTransformations="0"/>
  <MVAPdfs/>
  <Weights NTrees="50" AnalysisType="0">
    <BinaryTree type="DecisionTree" boostWeight="8.9448113230349691e-01" itree="0">
      <Node pos="s" depth="0" NCoef="0" IVar="1" Cut="7.3673397302627563e-01" cType="1" res="-9.9000000000000000e+01" rms="0.0000000000000000e+00" purity="5.0000000000000000e-01" nType="0">
        <Node pos="l" depth="1" NCoef="0" IVar="0" Cut="-1.5288368463516235e+00" cType="0" res="-9.9000000000000000e+01" rms="0.0000000000000000e+00" purity="7.4726361036300659e-01" nType="0">
          <Node pos="l" depth="2" NCoef="0" IVar="0" Cut="1.4543396234512329e+00" cType="1" res="-9.9000000000000000e+01" rms="0.0000000000000000e+00" purity="8.0726587772369385e-01" nType="0">
            <Node pos="l" depth="3" NCoef="0" IVar="-1" Cut="0.0000000000000000e+00" cType="1" res="-9.9000000000000000e+01" rms="0.0000000000000000e+00" purity="8.8462823629379272e-01" nType="1"/>
            <Node pos="r" depth="3" NCoef="0" IVar="-1" Cut="0.0000000000000000e+00" cType="1" res="-9.9000000000000000e+01" rms="0.0000000000000000e+00" purity="1.9363395869731903e-01" nType="-1"/>
          </Node>
          <Node pos="r" depth="2" NCoef="0" IVar="-1" Cut="0.0000000000000000e+00" cType="1" res="-9.9000000000000000e+01" rms="0.0000000000000000e+00" purity="1.6666667163372040e-01" nType="-1"/>
        </Node>
        <Node pos="r" depth="1" NCoef="0" IVar="2" Cut="4.2883720993995667e-01" cType="1" res="-9.9000000000000000e+01" rms="0.0000000000000000e+00" purity="1.8872825801372528e-01" nType="0">
          <Node pos="l" depth="2" NCoef="0" IVar="-1" Cut="0.0000000000000000e+00" cType="1" res="-9.9000000000000000e+01" rms="0.0000000000000000e+00" purity="6.0173159837722778e-01" nType="1"/>
          <Node pos="r" depth="2" NCoef="0" IVar="-1" Cut="1.2631623744964600e+00" cType="1" res="-9.9000000000000000e+01" rms="0.0000000000000000e+00" purity="1.2676970660686493e-01" nType="-1"/>
        </Node>
      </Node>
    </BinaryTree>
    <BinaryTree type="DecisionTree" boostWeight="6.3207242684475862e-01" itree="1">
      <Node pos="s" depth="0" NCoef="0" IVar="1" Cut="1.0717036724090576e+00" cType="1" res="-9.9000000000000000e+01" rms="0.0000000000000000e+00" purity="4.9622631072998047e-01" nType="0">
        <Node pos="l" depth="1" NCoef="0" IVar="2" Cut="7.1429145336151123e-01" cType="1" res="-9.9000000000000000e+01" rms="0.0000000000000000e+00" purity="6.5237706899642944e-01" nType="0">
          <Node pos="l" depth="2" NCoef="0" IVar="0" Cut="1.1117570400238037e+00" cType="1" res="-9.9000000000000000e+01" rms="0.0000000000000000e+00" purity="7.9865658283233643e-01" nType="0">
            <Node pos="l" depth="3" NCoef="0" IVar="-1" Cut="0.0000000000000000e+00" cType="1" res="-9.9000000000000000e+01" rms="0.0000000000000000e+00" purity="8.9534956216812134e-01" nType="1"/>
            <Node pos="r" depth="3" NCoef="0" IVar="-1" Cut="0.0000000000000000e+00" cType="1" res="-9.9000000000000000e+01" rms="0.0000000000000000e+00" purity="3.8051551580429077e-01" nType="-1"/>
          </Node>
          <Node pos="r" depth="2" NCoef="0" IVar="0" Cut="-1.0815081596374512e+00" cType="0" res="-9.9000000000000000e+01" rms="0.0000000000000000e+00" purity="4.5526531338691711e-01" nType="0">
            <Node pos="l" depth="3" NCoef="0" IVar="-1" Cut="0.0000000000000000e+00" cType="1" res="-9.9000000000000000e+01" rms="0.0000000000000000e+00" purity="5.7135707139968872e-01" nType="1"/>
            <Node pos="r" depth="3" NCoef="0" IVar="-1" Cut="0.0000000000000000e+00" cType="1" res="-9.9000000000000000e+01" rms="0.0000000000000000e+00" purity="1.5511591732501984e-01" nType="-1"/>
          </Node>
        </Node>
        <Node pos="r" depth="1" NCoef="0" IVar="-1" Cut="1.7097940444946289e+00" cType="1" res="-9.9000000000000000e+01" rms="0.0000000000000000e+00" purity="1.8053916096687317e-01" nType="-1"/>
      </Node>
    </BinaryTree>
    <BinaryTree type="DecisionTree" boostWeight="5.1404550633450352e-01" itree="2">
      <Node pos="s" depth="0" NCoef="0" IVar="2" Cut="6.6667896509170532e-01" cType="1" res="-9.9000000000000000e+01" rms="0.0000000000000000e+00" purity="4.8901078104972839e-01" nType="0">
        <Node pos="l" depth="1" NCoef="0" IVar="0" Cut="8.6064082384109497e-01" cType="1" res="-9.9000000000000000e+01" rms="0.0000000000000000e+00" purity="6.9039154052734375e-01" nType="0">
          <Node pos="l" depth="2" NCoef="0" IVar="-1" Cut="1.0991504192352295e+00" cType="1" res="-9.9000000000000000e+01" rms="0.0000000000000000e+00" purity="8.0420130491256714e-01" nType="1"/>
          <Node pos="r" depth="2" NCoef="0" IVar="1" Cut="5.5075126886367798e-01" cType="1" res="-9.9000000000000000e+01" rms="0.0000000000000000e+00" purity="4.3154242634773254e-01" nType="0">
            <Node pos="l" depth="3" NCoef="0" IVar="-1" Cut="0.0000000000000000e+00" cType="1" res="-9.9000000000000000e+01" rms="0.0000000000000000e+00" purity="6.1732441186904907e-01" nType="1"/>
            <Node pos="r" depth="3" NCoef="0" IVar="-1" Cut="0.0000000000000000e+00" cType="1" res="-9.9000000000000000e+01" rms="0.0000000000000000e+00" purity="2.1864235401153564e-01" nType="-1"/>
          </Node>
        </Node>
        <Node pos="r" depth="1" NCoef="0" IVar="1" Cut="6.6794566810131073e-02" cType="1" res="-9.9000000000000000e+01" rms="0.0000000000000000e+00" purity="3.2801872491836548e-01" nType="0">
          <Node pos="l" depth="2" NCoef="0" IVar="0" Cut="-3.0449831485748291e-01" cType="0" res="-9.9000000000000000e+01" rms="0.0000000000000000e+00" purity="5.5947208404541016e-01" nType="0">
            <Node pos="l" depth="3" NCoef="0" IVar="-1" Cut="0.0000000000000000e+00" cType="1" res="-9.9000000000000000e+01" rms="0.0000000000000000e+00" purity="6.5655016899108887e-01" nType="1"/>
            <Node pos="r" depth="3" NCoef="0" IVar="-1" Cut="0.0000000000000000e+00" cType="1" res="-9.9000000000000000e+01" rms="0.0000000000000000e+00" purity="4.5267525315284729e-01" nType="-1"/>
          </Node>
          <Node pos="r" depth="2" NCoef="0" IVar="-1" Cut="1.7258121967315674e+00" cType="1" res="-9.9000000000000000e+01" rms="0.0000000000000000e+00" purity="2.5955259799957275e-01" nType="-1"/>
        </Node>
      </Node>
    </BinaryTree>
    <BinaryTree type="DecisionTree" boostWeight="4.0447099266607323e-01" itree="3">
      <Node pos="s" depth="0" NCoef="0" IVar="1" Cut="1.7416430711746216e+00" cType="1" res="-9.9000000000000000e+01" rms="0.0000000000000000e+00" purity="5.0251376628875732e-01" nType="0">
        <Node pos="l" depth="1" NCoef="0" IVar="0" Cut="1.5986919403076172e+00" cType="1" res="-9.9000000000000000e+01" rms="0.0000000000000000e+00" purity="5.6170761585235596e-01" nType="0">
          <Node pos="l" depth="2" NCoef="0" IVar="2" Cut="8.0951648950576782e-01" cType="1" res="-9.9000000000000000e+01" rms="0.0000000000000000e+00" purity="6.0481953620910645e-01" nType="0">
            <Node pos="l" depth="3" NCoef="0" IVar="-1" Cut="0.0000000000000000e+00" cType="1" res="-9.9000000000000000e+01" rms="0.0000000000000000e+00" purity="6.9736617803573608e-01" nType="1"/>
            <Node pos="r" depth="3" NCoef="0" IVar="-1" Cut="0.0000000000000000e+00" cType="1" res="-9.9000000000000000e+01" rms="0.0000000000000000e+00" purity="4.4291430711746216e-01" nType="-1"/>
          </Node>
          <Node pos="r" depth="2" NCoef="0" IVar="-1" Cut="0.0000000000000000e+00" cType="1" res="-9.9000000000000000e+01" rms="0.0000000000000000e+00" purity="2.1691548824310303e-01" nType="-1"/>
        </Node>
        <Node pos="r" depth="1" NCoef="0" IVar="-1" Cut="2.2522492408752441e+00" cType="1" res="-9.9000000000000000e+01" rms="0.0000000000000000e+00" purity="1.0367952287197113e-01" nType="-1"/>
      </Node>
    </BinaryTree>
    <BinaryTree type="DecisionTree" boostWeight="3.6111644966030898e-01" itree="4">
      <Node pos="s" depth="0" NCoef="0" IVar="1" Cut="1.7416430711746216e+00" cType="1" res="-9.9000000000000000e+01" rms="0.0000000000000000e+00" purity="5.0434708595275879e-01" nType="0">
        <Node pos="l" depth="1" NCoef="0" IVar="0" Cut="7.0295661687850952e-01" cType="1" res="-9.9000000000000000e+01" rms="0.0000000000000000e+00" purity="5.5197483301162720e-01" nType="0">
          <Node pos="l" depth="2" NCoef="0" IVar="0" Cut="-8.3269768953323364e-01" cType="0" res="-9.9000000000000000e+01" rms="0.0000000000000000e+00" purity="6.2658846378326416e-01" nType="0">
            <Node pos="l" depth="3" NCoef="0" IVar="-1" Cut="0.0000000000000000e+00" cType="1" res="-9.9000000000000000e+01" rms="0.0000000000000000e+00" purity="7.2084385156631470e-01" nType="1"/>
            <Node pos="r" depth="3" NCoef="0" IVar="-1" Cut="0.0000000000000000e+00" cType="1" res="-9.9000000000000000e+01" rms="0.0000000000000000e+00" purity="4.3353945016860962e-01" nType="-1"/>
          </Node>
          <Node pos="r" depth="2" NCoef="0" IVar="-1" Cut="1.8548429012298584e+00" cType="1" res="-9.9000000000000000e+01" rms="0.0000000000000000e+00" purity="3.9505192637443542e-01" nType="-1"/>
        </Node>
        <Node pos="r" depth="1" NCoef="0" IVar="-1" Cut="2.2522492408752441e+00" cType="1" res="-9.9000000000000000e+01" rms="0.0000000000000000e+00" purity="1.4772935211658478e-01" nType="-1"/>
      </Node>
    </BinaryTree>
    <BinaryTree type="DecisionTree" boostWeight="2.1710835090641570e-01" itree="5">
      <Node pos="s" depth="0" NCoef="0" IVar="1" Cut="1.4066733121871948e+00" cType="1" res="-9.9000000000000000e+01" rms="0.0000000000000000e+00" purity="5.2334094047546387e-01" nType="0">
        <Node pos="l" depth="1" NCoef="0" IVar="-1" Cut="-3.1606322526931763e-01" cType="1" res="-9.9000000000000000e+01" rms="0.0000000000000000e+00" purity="5.8101332187652588e-01" nType="1"/>
        <Node pos="r" depth="1" NCoef="0" IVar="-1" Cut="2.1246445178985596e+00" cType="1" res="-9.9000000000000000e+01" rms="0.0000000000000000e+00" purity="2.8721368312835693e-01" nType="-1"/>
      </Node>
    </BinaryTree>
    <BinaryTree type="DecisionTree" boostWeight="2.2288250119503802e-01" itree="6">
      <Node pos="s" depth="0" NCoef="0" IVar="1" Cut="2.0766127109527588e+00" cType="1" res="-9.9000000000000000e+01" rms="0.0000000000000000e+00" purity="4.9027699232101440e-01" nType="0">
        <Node pos="l" depth="1" NCoef="0" IVar="1" Cut="-1.5672637522220612e-01" cType="1" res="-9.9000000000000000e+01" rms="0.0000000000000000e+00" purity="5.1437997817993164e-01" nType="0">
          <Node pos="l" depth="2" NCoef="0" IVar="-1" Cut="7.0053535699844360e-01" cType="1" res="-9.9000000000000000e+01" rms="0.0000000000000000e+00" purity="6.7104482650756836e-01" nType="1"/>
          <Node pos="r" depth="2" NCoef="0" IVar="2" Cut="2.3816643655300140e-01" cType="1" res="-9.9000000000000000e+01" rms="0.0000000000000000e+00" purity="4.7019100189208984e-01" nType="0">
            <Node pos="l" depth="3" NCoef="0" IVar="-1" Cut="0.0000000000000000e+00" cType="1" res="-9.9000000000000000e+01" rms="0.0000000000000000e+00" purity="7.2501355409622192e-01" nType="1"/>
            <Node pos="r" depth="3" NCoef="0" IVar="-1" Cut="0.0000000000000000e+00" cType="1" res="-9.9000000000000000e+01" rms="0.0000000000000000e+00" purity="4.4556391239166260e-01" nType="-1"/>
          </Node>
        </Node>
        <Node pos="r" depth="1" NCoef="0" IVar="-1" Cut="0.0000000000000000e+00" cType="1" res="-9.9000000000000000e+01" rms="0.0000000000000000e+00" purity="1.0725608468055725e-01" nType="-1"/>
      </Node>
    </BinaryTree>
    <BinaryTree type="DecisionTree" boostWeight="2.5014501086277985e-01" itree="7">
      <Node pos="s" depth="0" NCoef="0" IVar="1" Cut="2.0766127109527588e+00" cType="1" res="-9.9000000000000000e+01" rms="0.0000000000000000e+00" purity="5.1600939035415649e-01" nType="0">
        <Node pos="l" depth="1" NCoef="0" IVar="0" Cut="1.1508243083953857e+00" cType="1" res="-9.9000000000000000e+01" rms="0.0000000000000000e+00" purity="5.3861260414123535e-01" nType="0">
          <Node pos="l" depth="2" NCoef="0" IVar="0" Cut="-1.6220438480377197e+00" cType="0" res="-9.9000000000000000e+01" rms="0.0000000000000000e+00" purity="5.7443845272064209e-01" nType="0">
            <Node pos="l" depth="3" NCoef="0" IVar="-1" Cut="0.0000000000000000e+00" cType="1" res="-9.9000000000000000e+01" rms="0.0000000000000000e+00" purity="6.0180538892745972e-01" nType="1"/>
            <Node pos="r" depth="3" NCoef="0" IVar="-1" Cut="0.0000000000000000e+00" cType="1" res="-9.9000000000000000e+01" rms="0.0000000000000000e+00" purity="3.2794165611267090e-01" nType="-1"/>
          </Node>
          <Node pos="r" depth="2" NCoef="0" IVar="-1" Cut="1.8335340023040771e+00" cType="1" res="-9.9000000000000000e+01" rms="0.0000000000000000e+00" purity="3.9506864547729492e-01" nType="-1"/>
        </Node>
        <Node pos="r" depth="1" NCoef="0" IVar="-1" Cut="0.0000000000000000e+00" cType="1" res="-9.9000000000000000e+01" rms="0.0000000000000000e+00" purity="1.3053940236568451e-01" nType="-1"/>
      </Node>
    </BinaryTree>
    <BinaryTree type="DecisionTree" boostWeight="1.4134611980598855e-01" itree="8">
      <Node pos="s" depth="0" NCoef="0" IVar="1" Cut="2.0766127109527588e+00" cType="1" res="-9.9000000000000000e+01" rms="0.0000000000000000e+00" purity="4.9336069822311401e-01" nType="0">
        <Node pos="l" depth="1" NCoef="0" IVar="2" Cut="2.8577893972396851e-01" cType="1" res="-9.9000000000000000e+01" rms="0.0000000000000000e+00" purity="5.1151162385940552e-01" nType="0">
          <Node pos="l" depth="2" NCoef="0" IVar="-1" Cut="3.1127429008483887e-01" cType="1" res="-9.9000000000000000e+01" rms="0.0000000000000000e+00" purity="6.6926234960556030e-01" nType="1"/>
          <Node pos="r" depth="2" NCoef="0" IVar="1" Cut="-3.8002061843872070e-01" cType="1" res="-9.9000000000000000e+01" rms="0.0000000000000000e+00" purity="4.8920646309852600e-01" nType="0">
            <Node pos="l" depth="3" NCoef="0" IVar="-1" Cut="0.0000000000000000e+00" cType="1" res="-9.9000000000000000e+01" rms="0.0000000000000000e+00" purity="6.0530728101730347e-01" nType="1"/>
            <Node pos="r" depth="3" NCoef="0" IVar="-1" Cut="0.0000000000000000e+00" cType="1" res="-9.9000000000000000e+01" rms="0.0000000000000000e+00" purity="4.7091975808143616e-01" nType="-1"/>
          </Node>
        </Node>
        <Node pos="r" depth="1" NCoef="0" IVar="-1" Cut="0.0000000000000000e+00" cType="1" res="-9.9000000000000000e+01" rms="0.0000000000000000e+00" purity="1.6164311766624451e-01" nType="-1"/>
      </Node>
    </BinaryTree>
    <BinaryTree type="DecisionTree" boostWeight="1.3224926243327564e-01" itree="9">
      <Node pos="s" depth="0" NCoef="0" IVar="1" Cut="1.7416430711746216e+00" cType="1" res="-9.9000000000000000e+01" rms="0.0000000000000000e+00" purity="5.1250034570693970e-01" nType="0">
        <Node pos="l" depth="1" NCoef="0" IVar="2" Cut="5.7145398855209351e-01" cType="1" res="-9.9000000000000000e+01" rms="0.0000000000000000e+00" purity="5.3442001342773438e-01" nType="0">
          <Node pos="l" depth="2" NCoef="0" IVar="-1" Cut="3.0046689510345459e-01" cType="1" res="-9.9000000000000000e+01" rms="0.0000000000000000e+00" purity="6.0281378030776978e-01" nType="1"/>
          <Node pos="r" depth="2" NCoef="0" IVar="0" Cut="1.5986919403076172e+00" cType="1" res="-9.9000000000000000e+01" rms="0.0000000000000000e+00" purity="5.0071310997009277e-01" nType="0">
            <Node pos="l" depth="3" NCoef="0" IVar="-1" Cut="0.0000000000000000e+00" cType="1" res="-9.9000000000000000e+01" rms="0.0000000000000000e+00" purity="5.1516258716583252e-01" nType="1"/>
            <Node pos="r" depth="3" NCoef="0" IVar="-1" Cut="0.0000000000000000e+00" cType="1" res="-9.9000000000000000e+01" rms="0.0000000000000000e+00" purity="3.4342741966247559e-01" nType="-1"/>
          </Node>
        </Node>
        <Node pos="r" depth="1" NCoef="0" IVar="-1" Cut="0.0000000000000000e+00" cType="1" res="-9.9000000000000000e+01" rms="0.0000000000000000e+00" purity="3.0454173684120178e-01" nType="-1"/>
      </Node>
    </BinaryTree>
    <BinaryTree type="DecisionTree" boostWeight="1.2349787809713464e-01" itree="10">
      <Node pos="s" depth="0" NCoef="0" IVar="1" Cut="4.0176424384117126e-01" cType="1" res="-9.9000000000000000e+01" rms="0.0000000000000000e+00" purity="4.8905369639396667e-01" nType="0">
        <Node pos="l" depth="1" NCoef="0" IVar="2" Cut="4.2862024903297424e-01" cType="1" res="-9.9000000000000000e+01" rms="0.0000000000000000e+00" purity="5.5046314001083374e-01" nType="0">
          <Node pos="l" depth="2" NCoef="0" IVar="-1" Cut="2.2449363768100739e-01" cType="0" res="-9.9000000000000000e+01" rms="0.0000000000000000e+00" purity="6.6419780254364014e-01" nType="1"/>
          <Node pos="r" depth="2" NCoef="0" IVar="0" Cut="7.0780688524246216e-01" cType="1" res="-9.9000000000000000e+01" rms="0.0000000000000000e+00" purity="5.0968021154403687e-01" nType="0">
            <Node pos="l" depth="3" NCoef="0" IVar="-1" Cut="0.0000000000000000e+00" cType="1" res="-9.9000000000000000e+01" rms="0.0000000000000000e+00" purity="5.3790384531021118e-01" nType="1"/>
            <Node pos="r" depth="3" NCoef="0" IVar="-1" Cut="0.0000000000000000e+00" cType="1" res="-9.9000000000000000e+01" rms="0.0000000000000000e+00" purity="4.5000582933425903e-01" nType="-1"/>
          </Node>
        </Node>
        <Node pos="r" depth="1" NCoef="0" IVar="-1" Cut="1.9330575466156006e+00" cType="1" res="-9.9000000000000000e+01" rms="0.0000000000000000e+00" purity="4.4719189405441284e-01" nType="-1"/>
      </Node>
    </BinaryTree>
    <BinaryTree type="DecisionTree" boostWeight="1.2803280122508987e-01" itree="11">
      <Node pos="s" depth="0" NCoef="0" IVar="1" Cut="1.7416430711746216e+00" cType="1" res="-9.9000000000000000e+01" rms="0.0000000000000000e+00" purity="5.0080478191375732e-01" nType="0">
        <Node pos="l" depth="1" NCoef="0" IVar="2" Cut="5.7145398855209351e-01" cType="1" res="-9.9000000000000000e+01" rms="0.0000000000000000e+00" purity="5.1502752304077148e-01" nType="0">
          <Node pos="l" depth="2" NCoef="0" IVar="0" Cut="-4.4272284954786301e-02" cType="1" res="-9.9000000000000000e+01" rms="0.0000000000000000e+00" purity="5.7509446144104004e-01" nType="0">
            <Node pos="l" depth="3" NCoef="0" IVar="-1" Cut="0.0000000000000000e+00" cType="1" res="-9.9000000000000000e+01" rms="0.0000000000000000e+00" purity="7.5637412071228027e-01" nType="1"/>
            <Node pos="r" depth="3" NCoef="0" IVar="-1" Cut="0.0000000000000000e+00" cType="1" res="-9.9000000000000000e+01" rms="0.0000000000000000e+00" purity="4.9900004267692566e-01" nType="-1"/>
          </Node>
          <Node pos="r" depth="2" NCoef="0" IVar="0" Cut="-6.4064639806747437e-01" cType="0" res="-9.9000000000000000e+01" rms="0.0000000000000000e+00" purity="4.8587092757225037e-01" nType="0">
            <Node pos="l" depth="3" NCoef="0" IVar="-1" Cut="0.0000000000000000e+00" cType="1" res="-9.9000000000000000e+01" rms="0.0000000000000000e+00" purity="5.2420496940612793e-01" nType="1"/>
            <Node pos="r" depth="3" NCoef="0" IVar="-1" Cut="0.0000000000000000e+00" cType="1" res="-9.9000000000000000e+01" rms="0.0000000000000000e+00" purity="4.1151154041290283e-01" nType="-1"/>
          </Node>
        </Node>
        <Node pos="r" depth="1" NCoef="0" IVar="-1" Cut="0.0000000000000000e+00" cType="1" res="-9.9000000000000000e+01" rms="0.0000000000000000e+00" purity="3.6123320460319519e-01" nType="-1"/>
      </Node>
    </BinaryTree>
    <BinaryTree type="DecisionTree" boostWeight="1.1392513501826904e-01" itree="12">
      <Node pos="s" depth="0" NCoef="0" IVar="2" Cut="5.7145398855209351e-01" cType="1" res="-9.9000000000000000e+01" rms="0.0000000000000000e+00" purity="5.0140339136123657e-01" nType="0">
        <Node pos="l" depth="1" NCoef="0" IVar="0" Cut="1.4242812991142273e-01" cType="1" res="-9.9000000000000000e+01" rms="0.0000000000000000e+00" purity="5.7872915267944336e-01" nType="0">
          <Node pos="l" depth="2" NCoef="0" IVar="-1" Cut="5.4705089330673218e-01" cType="1" res="-9.9000000000000000e+01" rms="0.0000000000000000e+00" purity="7.1464645862579346e-01" nType="1"/>
          <Node pos="r" depth="2" NCoef="0" IVar="2" Cut="4.3533596396446228e-01" cType="0" res="-9.9000000000000000e+01" rms="0.0000000000000000e+00" purity="5.0396102666854858e-01" nType="0">
            <Node pos="l" depth="3" NCoef="0" IVar="-1" Cut="0.0000000000000000e+00" cType="1" res="-9.9000000000000000e+01" rms="0.0000000000000000e+00" purity="5.4728639125823975e-01" nType="1"/>
            <Node pos="r" depth="3" NCoef="0" IVar="-1" Cut="0.0000000000000000e+00" cType="1" res="-9.9000000000000000e+01" rms="0.0000000000000000e+00" purity="4.8394602537155151e-01" nType="-1"/>
          </Node>
        </Node>
        <Node pos="r" depth="1" NCoef="0" IVar="0" Cut="-1.5363817214965820e+00" cType="0" res="-9.9000000000000000e+01" rms="0.0000000000000000e+00" purity="4.6471253037452698e-01" nType="0">
          <Node pos="l" depth="2" NCoef="0" IVar="0" Cut="8.5278242826461792e-01" cType="1" res="-9.9000000000000000e+01" rms="0.0000000000000000e+00" purity="4.7843825817108154e-01" nType="0">
            <Node pos="l" depth="3" NCoef="0" IVar="-1" Cut="0.0000000000000000e+00" cType="1" res="-9.9000000000000000e+01" rms="0.0000000000000000e+00" purity="5.0324976444244385e-01" nType="1"/>
            <Node pos="r" depth="3" NCoef="0" IVar="-1" Cut="0.0000000000000000e+00" cType="1" res="-9.9000000000000000e+01" rms="0.0000000000000000e+00" purity="4.0908572077751160e-01" nType="-1"/>
          </Node>
          <Node pos="r" depth="2" NCoef="0" IVar="-1" Cut="0.0000000000000000e+00" cType="1" res="-9.9000000000000000e+01" rms="0.0000000000000000e+00" purity="3.5312771797180176e-01" nType="-1"/>
        </Node>
      </Node>
    </BinaryTree>
    <BinaryTree type="DecisionTree" boostWeight="1.1715579957313280e-01" itree="13">
      <Node pos="s" depth="0" NCoef="0" IVar="2" Cut="5.2384144067764282e-01" cType="1" res="-9.9000000000000000e+01" rms="0.0000000000000000e+00" purity="4.9427729845046997e-01" nType="0">
        <Node pos="l" depth="1" NCoef="0" IVar="-1" Cut="-2.5301709771156311e-01" cType="1" res="-9.9000000000000000e+01" rms="0.0000000000000000e+00" purity="5.8603513240814209e-01" nType="1"/>
        <Node pos="r" depth="1" NCoef="0" IVar="1" Cut="1.7416430711746216e+00" cType="1" res="-9.9000000000000000e+01" rms="0.0000000000000000e+00" purity="4.5926034450531006e-01" nType="0">
          <Node pos="l" depth="2" NCoef="0" IVar="1" Cut="7.0472931861877441e-01" cType="0" res="-9.9000000000000000e+01" rms="0.0000000000000000e+00" purity="4.7076883912086487e-01" nType="0">
            <Node pos="l" depth="3" NCoef="0" IVar="-1" Cut="0.0000000000000000e+00" cType="1" res="-9.9000000000000000e+01" rms="0.0000000000000000e+00" purity="5.0917822122573853e-01" nType="1"/>
            <Node pos="r" depth="3" NCoef="0" IVar="-1" Cut="0.0000000000000000e+00" cType="1" res="-9.9000000000000000e+01" rms="0.0000000000000000e+00" purity="4.4276210665702820e-01" nType="-1"/>
          </Node>
          <Node pos="r" depth="2" NCoef="0" IVar="-1" Cut="0.0000000000000000e+00" cType="1" res="-9.9000000000000000e+01" rms="0.0000000000000000e+00" purity="3.5182705521583557e-01" nType="-1"/>
        </Node>
      </Node>
    </BinaryTree>
    <BinaryTree type="DecisionTree" boostWeight="1.0470720677626864e-01" itree="14">
      <Node pos="s" depth="0" NCoef="0" IVar="2" Cut="1.9055393338203430e-01" cType="1" res="-9.9000000000000000e+01" rms="0.0000000000000000e+00" purity="4.9118080735206604e-01" nType="0">
        <Node pos="l" depth="1" NCoef="0" IVar="-1" Cut="0.0000000000000000e+00" cType="1" res="-9.9000000000000000e+01" rms="0.0000000000000000e+00" purity="6.6142040491104126e-01" nType="1"/>
        <Node pos="r" depth="1" NCoef="0" IVar="1" Cut="4.0176424384117126e-01" cType="1" res="-9.9000000000000000e+01" rms="0.0000000000000000e+00" purity="4.7832450270652771e-01" nType="0">
          <Node pos="l" depth="2" NCoef="0" IVar="-1" Cut="4.2183342576026917e-01" cType="1" res="-9.9000000000000000e+01" rms="0.0000000000000000e+00" purity="5.2843117713928223e-01" nType="1"/>
          <Node pos="r" depth="2" NCoef="0" IVar="-1" Cut="1.9330575466156006e+00" cType="1" res="-9.9000000000000000e+01" rms="0.0000000000000000e+00" purity="4.4614595174789429e-01" nType="-1"/>
        </Node>
      </Node>
    </BinaryTree>
    <BinaryTree type="DecisionTree" boostWeight="8.6026601451703238e-02" itree="15">
      <Node pos="s" depth="0" NCoef="0" IVar="2" Cut="1.9055393338203430e-01" cType="1" res="-9.9000000000000000e+01" rms="0.0000000000000000e+00" purity="4.9461308121681213e-01" nType="0">
        <Node pos="l" depth="1" NCoef="0" IVar="-1" Cut="0.0000000000000000e+00" cType="1" res="-9.9000000000000000e+01" rms="0.0000000000000000e+00" purity="6.3759094476699829e-01" nType="1"/>
        <Node pos="r" depth="1" NCoef="0" IVar="1" Cut="1.7416430711746216e+00" cType="1" res="-9.9000000000000000e+01" rms="0.0000000000000000e+00" purity="4.8394888639450073e-01" nType="0">
          <Node pos="l" depth="2" NCoef="0" IVar="2" Cut="5.7602423429489136e-01" cType="1" res="-9.9000000000000000e+01" rms="0.0000000000000000e+00" purity="4.9321836233139038e-01" nType="0">
            <Node pos="l" depth="3" NCoef="0" IVar="-1" Cut="0.0000000000000000e+00" cType="1" res="-9.9000000000000000e+01" rms="0.0000000000000000e+00" purity="5.3971743583679199e-01" nType="1"/>
            <Node pos="r" depth="3" NCoef="0" IVar="-1" Cut="0.0000000000000000e+00" cType="1" res="-9.9000000000000000e+01" rms="0.0000000000000000e+00" purity="4.7563704848289490e-01" nType="-1"/>
          </Node>
          <Node pos="r" depth="2" NCoef="0" IVar="-1" Cut="0.0000000000000000e+00" cType="1" res="-9.9000000000000000e+01" rms="0.0000000000000000e+00" purity="3.9219290018081665e-01" nType="-1"/>
        </Node>
      </Node>
    </BinaryTree>
    <BinaryTree type="DecisionTree" boostWeight="7.0052627644141538e-02" itree="16">
      <Node pos="s" depth="0" NCoef="0" IVar="2" Cut="1.4294141530990601e-01" cType="1" res="-9.9000000000000000e+01" rms="0.0000000000000000e+00" purity="5.0316613912582397e-01" nType="0">
        <Node pos="l" depth="1" NCoef="0" IVar="-1" Cut="0.0000000000000000e+00" cType="1" res="-9.9000000000000000e+01" rms="0.0000000000000000e+00" purity="6.3811445236206055e-01" nType="1"/>
        <Node pos="r" depth="1" NCoef="0" IVar="0" Cut="1.5986919403076172e+00" cType="1" res="-9.9000000000000000e+01" rms="0.0000000000000000e+00" purity="4.9595084786415100e-01" nType="0">
          <Node pos="l" depth="2" NCoef="0" IVar="0" Cut="-1.6859227418899536e+00" cType="0" res="-9.9000000000000000e+01" rms="0.0000000000000000e+00" purity="5.0484657287597656e-01" nType="0">
            <Node pos="l" depth="3" NCoef="0" IVar="-1" Cut="0.0000000000000000e+00" cType="1" res="-9.9000000000000000e+01" rms="0.0000000000000000e+00" purity="5.1524376869201660e-01" nType="1"/>
            <Node pos="r" depth="3" NCoef="0" IVar="-1" Cut="0.0000000000000000e+00" cType="1" res="-9.9000000000000000e+01" rms="0.0000000000000000e+00" purity="3.7883803248405457e-01" nType="-1"/>
          </Node>
          <Node pos="r" depth="2" NCoef="0" IVar="-1" Cut="0.0000000000000000e+00" cType="1" res="-9.9000000000000000e+01" rms="0.0000000000000000e+00" purity="4.1402789950370789e-01" nType="-1"/>
        </Node>
      </Node>
    </BinaryTree>
    <BinaryTree type="DecisionTree" boostWeight="6.2637386846685780e-02" itree="17">
      <Node pos="s" depth="0" NCoef="0" IVar="2" Cut="1.9055393338203430e-01" cType="1" res="-9.9000000000000000e+01" rms="0.0000000000000000e+00" purity="4.9117904901504517e-01" nType="0">
        <Node pos="l" depth="1" NCoef="0" IVar="-1" Cut="0.0000000000000000e+00" cType="1" res="-9.9000000000000000e+01" rms="0.0000000000000000e+00" purity="6.0299390554428101e-01" nType="1"/>
        <Node pos="r" depth="1" NCoef="0" IVar="1" Cut="1.7416430711746216e+00" cType="1" res="-9.9000000000000000e+01" rms="0.0000000000000000e+00" purity="4.8297199606895447e-01" nType="0">
          <Node pos="l" depth="2" NCoef="0" IVar="1" Cut="-7.4676108360290527e-01" cType="1" res="-9.9000000000000000e+01" rms="0.0000000000000000e+00" purity="4.9136912822723389e-01" nType="0">
            <Node pos="l" depth="3" NCoef="0" IVar="-1" Cut="0.0000000000000000e+00" cType="1" res="-9.9000000000000000e+01" rms="0.0000000000000000e+00" purity="5.7843118906021118e-01" nType="1"/>
            <Node pos="r" depth="3" NCoef="0" IVar="-1" Cut="0.0000000000000000e+00" cType="1" res="-9.9000000000000000e+01" rms="0.0000000000000000e+00" purity="4.8551124334335327e-01" nType="-1"/>
          </Node>
          <Node pos="r" depth="2" NCoef="0" IVar="-1" Cut="0.0000000000000000e+00" cType="1" res="-9.9000000000000000e+01" rms="0.0000000000000000e+00" purity="3.9941865205764771e-01" nType="-1"/>
        </Node>
      </Node>
    </BinaryTree>
    <BinaryTree type="DecisionTree" boostWeight="7.1053240396586115e-02" itree="18">
      <Node pos="s" depth="0" NCoef="0" IVar="2" Cut="9.5235401391983032e-01" cType="1" res="-9.9000000000000000e+01" rms="0.0000000000000000e+00" purity="5.0302749872207642e-01" nType="0">
        <Node pos="l" depth="1" NCoef="0" IVar="0" Cut="1.7164332866668701e+00" cType="1" res="-9.9000000000000000e+01" rms="0.0000000000000000e+00" purity="5.1209813356399536e-01" nType="0">
          <Node pos="l" depth="2" NCoef="0" IVar="-1" Cut="1.8147881329059601e-01" cType="1" res="-9.9000000000000000e+01" rms="0.0000000000000000e+00" purity="5.2340602874755859e-01" nType="1"/>
          <Node pos="r" depth="2" NCoef="0" IVar="-1" Cut="0.0000000000000000e+00" cType="1" res="-9.9000000000000000e+01" rms="0.0000000000000000e+00" purity="3.8640502095222473e-01" nType="-1"/>
        </Node>
        <Node pos="r" depth="1" NCoef="0" IVar="-1" Cut="-3.5140243172645569e-01" cType="0" res="-9.9000000000000000e+01" rms="0.0000000000000000e+00" purity="4.2462944984436035e-01" nType="-1"/>
      </Node>
    </BinaryTree>
    <BinaryTree type="DecisionTree" boostWeight="4.8655819280757323e-02" itree="19">
      <Node pos="s" depth="0" NCoef="0" IVar="2" Cut="1.9055393338203430e-01" cType="1" res="-9.9000000000000000e+01" rms="0.0000000000000000e+00" purity="4.9156010150909424e-01" nType="0">
        <Node pos="l" depth="1" NCoef="0" IVar="-1" Cut="0.0000000000000000e+00" cType="1" res="-9.9000000000000000e+01" rms="0.0000000000000000e+00" purity="5.7567530870437622e-01" nType="1"/>
        <Node pos="r" depth="1" NCoef="0" IVar="1" Cut="1.7416430711746216e+00" cType="1" res="-9.9000000000000000e+01" rms="0.0000000000000000e+00" purity="4.8546448349952698e-01" nType="0">
          <Node pos="l" depth="2" NCoef="0" IVar="1" Cut="-7.4676108360290527e-01" cType="1" res="-9.9000000000000000e+01" rms="0.0000000000000000e+00" purity="4.9383345246315002e-01" nType="0">
            <Node pos="l" depth="3" NCoef="0" IVar="-1" Cut="0.0000000000000000e+00" cType="1" res="-9.9000000000000000e+01" rms="0.0000000000000000e+00" purity="5.5322724580764771e-01" nType="1"/>
            <Node pos="r" depth="3" NCoef="0" IVar="-1" Cut="0.0000000000000000e+00" cType="1" res="-9.9000000000000000e+01" rms="0.0000000000000000e+00" purity="4.8987245559692383e-01" nType="-1"/>
          </Node>
          <Node pos="r" depth="2" NCoef="0" IVar="-1" Cut="0.0000000000000000e+00" cType="1" res="-9.9000000000000000e+01" rms="0.0000000000000000e+00" purity="4.0174785256385803e-01" nType="-1"/>
        </Node>
      </Node>
    </BinaryTree>
    <BinaryTree type="DecisionTree" boostWeight="6.3875106360553408e-02" itree="20">
      <Node pos="s" depth="0" NCoef="0" IVar="1" Cut="1.7416430711746216e+00" cType="1" res="-9.9000000000000000e+01" rms="0.0000000000000000e+00" purity="5.0078999996185303e-01" nType="0">
        <Node pos="l" depth="1" NCoef="0" IVar="0" Cut="2.5508895516395569e-01" cType="1" res="-9.9000000000000000e+01" rms="0.0000000000000000e+00" purity="5.0762557983398438e-01" nType="0">
          <Node pos="l" depth="2" NCoef="0" IVar="2" Cut="4.7643145918846130e-01" cType="1" res="-9.9000000000000000e+01" rms="0.0000000000000000e+00" purity="5.2795761823654175e-01" nType="0">
            <Node pos="l" depth="3" NCoef="0" IVar="-1" Cut="0.0000000000000000e+00" cType="1" res="-9.9000000000000000e+01" rms="0.0000000000000000e+00" purity="7.0719939470291138e-01" nType="1"/>
            <Node pos="r" depth="3" NCoef="0" IVar="-1" Cut="0.0000000000000000e+00" cType="1" res="-9.9000000000000000e+01" rms="0.0000000000000000e+00" purity="4.9521365761756897e-01" nType="-1"/>
          </Node>
          <Node pos="r" depth="2" NCoef="0" IVar="0" Cut="1.7480645179748535e+00" cType="1" res="-9.9000000000000000e+01" rms="0.0000000000000000e+00" purity="4.8574447631835938e-01" nType="0">
            <Node pos="l" depth="3" NCoef="0" IVar="-1" Cut="0.0000000000000000e+00" cType="1" res="-9.9000000000000000e+01" rms="0.0000000000000000e+00" purity="5.0331366062164307e-01" nType="1"/>
            <Node pos="r" depth="3" NCoef="0" IVar="-1" Cut="0.0000000000000000e+00" cType="1" res="-9.9000000000000000e+01" rms="0.0000000000000000e+00" purity="3.9184513688087463e-01" nType="-1"/>
          </Node>
        </Node>
        <Node pos="r" depth="1" NCoef="0" IVar="-1" Cut="0.0000000000000000e+00" cType="1" res="-9.9000000000000000e+01" rms="0.0000000000000000e+00" purity="4.3061843514442444e-01" nType="-1"/>
      </Node>
    </BinaryTree>
    <BinaryTree type="DecisionTree" boostWeight="1.1339862926896370e-01" itree="21">
      <Node pos="s" depth="0" NCoef="0" IVar="0" Cut="2.5508895516395569e-01" cType="1" res="-9.9000000000000000e+01" rms="0.0000000000000000e+00" purity="5.0262540578842163e-01" nType="0">
        <Node pos="l" depth="1" NCoef="0" IVar="2" Cut="3.8124325871467590e-01" cType="1" res="-9.9000000000000000e+01" rms="0.0000000000000000e+00" purity="5.3159207105636597e-01" nType="0">
          <Node pos="l" depth="2" NCoef="0" IVar="-1" Cut="0.0000000000000000e+00" cType="1" res="-9.9000000000000000e+01" rms="0.0000000000000000e+00" purity="7.1810352802276611e-01" nType="1"/>
          <Node pos="r" depth="2" NCoef="0" IVar="0" Cut="-4.4873052835464478e-01" cType="0" res="-9.9000000000000000e+01" rms="0.0000000000000000e+00" purity="5.1033139228820801e-01" nType="0">
            <Node pos="l" depth="3" NCoef="0" IVar="-1" Cut="0.0000000000000000e+00" cType="1" res="-9.9000000000000000e+01" rms="0.0000000000000000e+00" purity="5.6654369831085205e-01" nType="1"/>
            <Node pos="r" depth="3" NCoef="0" IVar="-1" Cut="0.0000000000000000e+00" cType="1" res="-9.9000000000000000e+01" rms="0.0000000000000000e+00" purity="4.7745007276535034e-01" nType="-1"/>
          </Node>
        </Node>
        <Node pos="r" depth="1" NCoef="0" IVar="0" Cut="1.7479944229125977e+00" cType="1" res="-9.9000000000000000e+01" rms="0.0000000000000000e+00" purity="4.7052985429763794e-01" nType="0">
          <Node pos="l" depth="2" NCoef="0" IVar="0" Cut="1.3214279413223267e+00" cType="0" res="-9.9000000000000000e+01" rms="0.0000000000000000e+00" purity="4.8562297224998474e-01" nType="0">
            <Node pos="l" depth="3" NCoef="0" IVar="-1" Cut="0.0000000000000000e+00" cType="1" res="-9.9000000000000000e+01" rms="0.0000000000000000e+00" purity="5.7152873277664185e-01" nType="1"/>
            <Node pos="r" depth="3" NCoef="0" IVar="-1" Cut="0.0000000000000000e+00" cType="1" res="-9.9000000000000000e+01" rms="0.0000000000000000e+00" purity="4.6189063787460327e-01" nType="-1"/>
          </Node>
          <Node pos="r" depth="2" NCoef="0" IVar="-1" Cut="0.0000000000000000e+00" cType="1" res="-9.9000000000000000e+01" rms="0.0000000000000000e+00" purity="3.8681387901306152e-01" nType="-1"/>
        </Node>
      </Node>
    </BinaryTree>
    <BinaryTree type="DecisionTree" boostWeight="9.5531291935460741e-02" itree="22">
      <Node pos="s" depth="0" NCoef="0" IVar="0" Cut="2.5508895516395569e-01" cType="1" res="-9.9000000000000000e+01" rms="0.0000000000000000e+00" purity="5.1319229602813721e-01" nType="0">
        <Node pos="l" depth="1" NCoef="0" IVar="2" Cut="3.8124325871467590e-01" cType="1" res="-9.9000000000000000e+01" rms="0.0000000000000000e+00" purity="5.3558164834976196e-01" nType="0">
          <Node pos="l" depth="2" NCoef="0" IVar="-1" Cut="0.0000000000000000e+00" cType="1" res="-9.9000000000000000e+01" rms="0.0000000000000000e+00" purity="6.9459182024002075e-01" nType="1"/>
          <Node pos="r" depth="2" NCoef="0" IVar="2" Cut="8.5267513990402222e-01" cType="1" res="-9.9000000000000000e+01" rms="0.0000000000000000e+00" purity="5.1782566308975220e-01" nType="0">
            <Node pos="l" depth="3" NCoef="0" IVar="-1" Cut="0.0000000000000000e+00" cType="1" res="-9.9000000000000000e+01" rms="0.0000000000000000e+00" purity="5.4567766189575195e-01" nType="1"/>
            <Node pos="r" depth="3" NCoef="0" IVar="-1" Cut="0.0000000000000000e+00" cType="1" res="-9.9000000000000000e+01" rms="0.0000000000000000e+00" purity="4.7719296813011169e-01" nType="-1"/>
          </Node>
        </Node>
        <Node pos="r" depth="1" NCoef="0" IVar="2" Cut="4.2859649658203125e-01" cType="0" res="-9.9000000000000000e+01" rms="0.0000000000000000e+00" purity="4.8838856816291809e-01" nType="0">
          <Node pos="l" depth="2" NCoef="0" IVar="1" Cut="6.4730501174926758e-01" cType="0" res="-9.9000000000000000e+01" rms="0.0000000000000000e+00" purity="5.0937062501907349e-01" nType="0">
            <Node pos="l" depth="3" NCoef="0" IVar="-1" Cut="0.0000000000000000e+00" cType="1" res="-9.9000000000000000e+01" rms="0.0000000000000000e+00" purity="5.4440814256668091e-01" nType="1"/>
            <Node pos="r" depth="3" NCoef="0" IVar="-1" Cut="0.0000000000000000e+00" cType="1" res="-9.9000000000000000e+01" rms="0.0000000000000000e+00" purity="4.7693288326263428e-01" nType="-1"/>
          </Node>
          <Node pos="r" depth="2" NCoef="0" IVar="-1" Cut="2.6524370908737183e-01" cType="0" res="-9.9000000000000000e+01" rms="0.0000000000000000e+00" purity="4.3368667364120483e-01" nType="-1"/>
        </Node>
      </Node>
    </BinaryTree>
    <BinaryTree type="DecisionTree" boostWeight="6.7411030053189311e-02" itree="23">
      <Node pos="s" depth="0" NCoef="0" IVar="1" Cut="1.7416430711746216e+00" cType="1" res="-9.9000000000000000e+01" rms="0.0000000000000000e+00" purity="5.1334148645401001e-01" nType="0">
        <Node pos="l" depth="1" NCoef="0" IVar="0" Cut="2.5508895516395569e-01" cType="1" res="-9.9000000000000000e+01" rms="0.0000000000000000e+00" purity="5.2005547285079956e-01" nType="0">
          <Node pos="l" depth="2" NCoef="0" IVar="-1" Cut="4.2883735895156860e-01" cType="1" res="-9.9000000000000000e+01" rms="0.0000000000000000e+00" purity="5.3752434253692627e-01" nType="1"/>
          <Node pos="r" depth="2" NCoef="0" IVar="2" Cut="8.5702210664749146e-01" cType="0" res="-9.9000000000000000e+01" rms="0.0000000000000000e+00" purity="5.0126755237579346e-01" nType="0">
            <Node pos="l" depth="3" NCoef="0" IVar="-1" Cut="0.0000000000000000e+00" cType="1" res="-9.9000000000000000e+01" rms="0.0000000000000000e+00" purity="5.5676257610321045e-01" nType="1"/>
            <Node pos="r" depth="3" NCoef="0" IVar="-1" Cut="0.0000000000000000e+00" cType="1" res="-9.9000000000000000e+01" rms="0.0000000000000000e+00" purity="4.8453676700592041e-01" nType="-1"/>
          </Node>
        </Node>
        <Node pos="r" depth="1" NCoef="0" IVar="-1" Cut="0.0000000000000000e+00" cType="1" res="-9.9000000000000000e+01" rms="0.0000000000000000e+00" purity="4.4420534372329712e-01" nType="-1"/>
      </Node>
    </BinaryTree>
    <BinaryTree type="DecisionTree" boostWeight="4.6659706738674735e-02" itree="24">
      <Node pos="s" depth="0" NCoef="0" IVar="1" Cut="-6.0314482450485229e-01" cType="1" res="-9.9000000000000000e+01" rms="0.0000000000000000e+00" purity="5.1087117195129395e-01" nType="0">
        <Node pos="l" depth="1" NCoef="0" IVar="-1" Cut="0.0000000000000000e+00" cType="1" res="-9.9000000000000000e+01" rms="0.0000000000000000e+00" purity="5.7969021797180176e-01" nType="1"/>
        <Node pos="r" depth="1" NCoef="0" IVar="1" Cut="1.3114603757858276e+00" cType="1" res="-9.9000000000000000e+01" rms="0.0000000000000000e+00" purity="5.0479072332382202e-01" nType="0">
          <Node pos="l" depth="2" NCoef="0" IVar="-1" Cut="1.0379514694213867e+00" cType="0" res="-9.9000000000000000e+01" rms="0.0000000000000000e+00" purity="5.1505160331726074e-01" nType="1"/>
          <Node pos="r" depth="2" NCoef="0" IVar="-1" Cut="1.9038312435150146e+00" cType="1" res="-9.9000000000000000e+01" rms="0.0000000000000000e+00" purity="4.7080340981483459e-01" nType="-1"/>
        </Node>
      </Node>
    </BinaryTree>
    <BinaryTree type="DecisionTree" boostWeight="2.7165244669691502e-02" itree="25">
      <Node pos="s" depth="0" NCoef="0" IVar="1" Cut="-6.0314482450485229e-01" cType="1" res="-9.9000000000000000e+01" rms="0.0000000000000000e+00" purity="5.0418287515640259e-01" nType="0">
        <Node pos="l" depth="1" NCoef="0" IVar="-1" Cut="0.0000000000000000e+00" cType="1" res="-9.9000000000000000e+01" rms="0.0000000000000000e+00" purity="5.6828129291534424e-01" nType="1"/>
        <Node pos="r" depth="1" NCoef="0" IVar="2" Cut="1.9055393338203430e-01" cType="1" res="-9.9000000000000000e+01" rms="0.0000000000000000e+00" purity="4.9853575229644775e-01" nType="0">
          <Node pos="l" depth="2" NCoef="0" IVar="-1" Cut="0.0000000000000000e+00" cType="1" res="-9.9000000000000000e+01" rms="0.0000000000000000e+00" purity="5.5746972560882568e-01" nType="1"/>
          <Node pos="r" depth="2" NCoef="0" IVar="1" Cut="1.7899127006530762e+00" cType="1" res="-9.9000000000000000e+01" rms="0.0000000000000000e+00" purity="4.9466738104820251e-01" nType="0">
            <Node pos="l" depth="3" NCoef="0" IVar="-1" Cut="0.0000000000000000e+00" cType="1" res="-9.9000000000000000e+01" rms="0.0000000000000000e+00" purity="5.0012636184692383e-01" nType="1"/>
            <Node pos="r" depth="3" NCoef="0" IVar="-1" Cut="0.0000000000000000e+00" cType="1" res="-9.9000000000000000e+01" rms="0.0000000000000000e+00" purity="4.3889704346656799e-01" nType="-1"/>
          </Node>
        </Node>
      </Node>
    </BinaryTree>
    <BinaryTree type="DecisionTree" boostWeight="3.4544150854660061e-02" itree="26">
      <Node pos="s" depth="0" NCoef="0" IVar="1" Cut="-6.0314482450485229e-01" cType="1" res="-9.9000000000000000e+01" rms="0.0000000000000000e+00" purity="4.9843570590019226e-01" nType="0">
        <Node pos="l" depth="1" NCoef="0" IVar="-1" Cut="0.0000000000000000e+00" cType="1" res="-9.9000000000000000e+01" rms="0.0000000000000000e+00" purity="5.6160461902618408e-01" nType="1"/>
        <Node pos="r" depth="1" NCoef="0" IVar="2" Cut="1.9055393338203430e-01" cType="1" res="-9.9000000000000000e+01" rms="0.0000000000000000e+00" purity="4.9287939071655273e-01" nType="0">
          <Node pos="l" depth="2" NCoef="0" IVar="-1" Cut="0.0000000000000000e+00" cType="1" res="-9.9000000000000000e+01" rms="0.0000000000000000e+00" purity="5.5075806379318237e-01" nType="1"/>
          <Node pos="r" depth="2" NCoef="0" IVar="-1" Cut="1.7899127006530762e+00" cType="1" res="-9.9000000000000000e+01" rms="0.0000000000000000e+00" purity="4.8908570408821106e-01" nType="-1"/>
        </Node>
      </Node>
    </BinaryTree>
    <BinaryTree type="DecisionTree" boostWeight="3.4276292390197992e-02" itree="27">
      <Node pos="s" depth="0" NCoef="0" IVar="1" Cut="-6.0314482450485229e-01" cType="1" res="-9.9000000000000000e+01" rms="0.0000000000000000e+00" purity="5.0470089912414551e-01" nType="0">
        <Node pos="l" depth="1" NCoef="0" IVar="-1" Cut="0.0000000000000000e+00" cType="1" res="-9.9000000000000000e+01" rms="0.0000000000000000e+00" purity="5.5308240652084351e-01" nType="1"/>
        <Node pos="r" depth="1" NCoef="0" IVar="2" Cut="9.5235401391983032e-01" cType="1" res="-9.9000000000000000e+01" rms="0.0000000000000000e+00" purity="5.0045251846313477e-01" nType="0">
          <Node pos="l" depth="2" NCoef="0" IVar="0" Cut="4.3885558843612671e-01" cType="1" res="-9.9000000000000000e+01" rms="0.0000000000000000e+00" purity="5.0432014465332031e-01" nType="0">
            <Node pos="l" depth="3" NCoef="0" IVar="-1" Cut="0.0000000000000000e+00" cType="1" res="-9.9000000000000000e+01" rms="0.0000000000000000e+00" purity="5.1408642530441284e-01" nType="1"/>
            <Node pos="r" depth="3" NCoef="0" IVar="-1" Cut="0.0000000000000000e+00" cType="1" res="-9.9000000000000000e+01" rms="0.0000000000000000e+00" purity="4.9131697416305542e-01" nType="-1"/>
          </Node>
          <Node pos="r" depth="2" NCoef="0" IVar="-1" Cut="0.0000000000000000e+00" cType="1" res="-9.9000000000000000e+01" rms="0.0000000000000000e+00" purity="4.6687775850296021e-01" nType="-1"/>
        </Node>
      </Node>
    </BinaryTree>
    <BinaryTree type="DecisionTree" boostWeight="3.6745210389603974e-02" itree="28">
      <Node pos="s" depth="0" NCoef="0" IVar="2" Cut="1.9055393338203430e-01" cType="1" res="-9.9000000000000000e+01" rms="0.0000000000000000e+00" purity="5.0382107496261597e-01" nType="0">
        <Node pos="l" depth="1" NCoef="0" IVar="-1" Cut="0.0000000000000000e+00" cType="1" res="-9.9000000000000000e+01" rms="0.0000000000000000e+00" purity="5.6029176712036133e-01" nType="1"/>
        <Node pos="r" depth="1" NCoef="0" IVar="0" Cut="-1.5363817214965820e+00" cType="0" res="-9.9000000000000000e+01" rms="0.0000000000000000e+00" purity="4.9992483854293823e-01" nType="0">
          <Node pos="l" depth="2" NCoef="0" IVar="0" Cut="1.7483938932418823e+00" cType="1" res="-9.9000000000000000e+01" rms="0.0000000000000000e+00" purity="5.0413179397583008e-01" nType="0">
            <Node pos="l" depth="3" NCoef="0" IVar="-1" Cut="0.0000000000000000e+00" cType="1" res="-9.9000000000000000e+01" rms="0.0000000000000000e+00" purity="5.0913512706756592e-01" nType="1"/>
            <Node pos="r" depth="3" NCoef="0" IVar="-1" Cut="0.0000000000000000e+00" cType="1" res="-9.9000000000000000e+01" rms="0.0000000000000000e+00" purity="4.4241949915885925e-01" nType="-1"/>
          </Node>
          <Node pos="r" depth="2" NCoef="0" IVar="-1" Cut="0.0000000000000000e+00" cType="1" res="-9.9000000000000000e+01" rms="0.0000000000000000e+00" purity="4.5685136318206787e-01" nType="-1"/>
        </Node>
      </Node>
    </BinaryTree>
    <BinaryTree type="DecisionTree" boostWeight="3.7558896522899982e-02" itree="29">
      <Node pos="s" depth="0" NCoef="0" IVar="2" Cut="1.9055393338203430e-01" cType="1" res="-9.9000000000000000e+01" rms="0.0000000000000000e+00" purity="4.9733719229698181e-01" nType="0">
        <Node pos="l" depth="1" NCoef="0" IVar="-1" Cut="0.0000000000000000e+00" cType="1" res="-9.9000000000000000e+01" rms="0.0000000000000000e+00" purity="5.5121994018554688e-01" nType="1"/>
        <Node pos="r" depth="1" NCoef="0" IVar="1" Cut="-2.6817512512207031e-01" cType="1" res="-9.9000000000000000e+01" rms="0.0000000000000000e+00" purity="4.9362564086914062e-01" nType="0">
          <Node pos="l" depth="2" NCoef="0" IVar="2" Cut="7.6872408390045166e-01" cType="1" res="-9.9000000000000000e+01" rms="0.0000000000000000e+00" purity="5.2216452360153198e-01" nType="0">
            <Node pos="l" depth="3" NCoef="0" IVar="-1" Cut="0.0000000000000000e+00" cType="1" res="-9.9000000000000000e+01" rms="0.0000000000000000e+00" purity="5.6266009807586670e-01" nType="1"/>
            <Node pos="r" depth="3" NCoef="0" IVar="-1" Cut="0.0000000000000000e+00" cType="1" res="-9.9000000000000000e+01" rms="0.0000000000000000e+00" purity="4.7587898373603821e-01" nType="-1"/>
          </Node>
          <Node pos="r" depth="2" NCoef="0" IVar="-1" Cut="1.9649744033813477e+00" cType="1" res="-9.9000000000000000e+01" rms="0.0000000000000000e+00" purity="4.8850941658020020e-01" nType="-1"/>
        </Node>
      </Node>
    </BinaryTree>
    <BinaryTree type="DecisionTree" boostWeight="2.8699597807566205e-02" itree="30">
      <Node pos="s" depth="0" NCoef="0" IVar="1" Cut="-6.0314482450485229e-01" cType="1" res="-9.9000000000000000e+01" rms="0.0000000000000000e+00" purity="5.0409430265426636e-01" nType="0">
        <Node pos="l" depth="1" NCoef="0" IVar="-1" Cut="0.0000000000000000e+00" cType="1" res="-9.9000000000000000e+01" rms="0.0000000000000000e+00" purity="5.3793358802795410e-01" nType="1"/>
        <Node pos="r" depth="1" NCoef="0" IVar="1" Cut="1.7899127006530762e+00" cType="1" res="-9.9000000000000000e+01" rms="0.0000000000000000e+00" purity="5.0113999843597412e-01" nType="0">
          <Node pos="l" depth="2" NCoef="0" IVar="0" Cut="1.1508243083953857e+00" cType="0" res="-9.9000000000000000e+01" rms="0.0000000000000000e+00" purity="5.0414198637008667e-01" nType="0">
            <Node pos="l" depth="3" NCoef="0" IVar="-1" Cut="0.0000000000000000e+00" cType="1" res="-9.9000000000000000e+01" rms="0.0000000000000000e+00" purity="5.3636181354522705e-01" nType="1"/>
            <Node pos="r" depth="3" NCoef="0" IVar="-1" Cut="0.0000000000000000e+00" cType="1" res="-9.9000000000000000e+01" rms="0.0000000000000000e+00" purity="4.9596935510635376e-01" nType="-1"/>
          </Node>
          <Node pos="r" depth="2" NCoef="0" IVar="-1" Cut="0.0000000000000000e+00" cType="1" res="-9.9000000000000000e+01" rms="0.0000000000000000e+00" purity="4.6984016895294189e-01" nType="-1"/>
        </Node>
      </Node>
    </BinaryTree>
    <BinaryTree type="DecisionTree" boostWeight="2.6676585387061011e-02" itree="31">
      <Node pos="s" depth="0" NCoef="0" IVar="2" Cut="1.9055393338203430e-01" cType="1" res="-9.9000000000000000e+01" rms="0.0000000000000000e+00" purity="5.0768327713012695e-01" nType="0">
        <Node pos="l" depth="1" NCoef="0" IVar="-1" Cut="0.0000000000000000e+00" cType="1" res="-9.9000000000000000e+01" rms="0.0000000000000000e+00" purity="5.4326027631759644e-01" nType="1"/>
        <Node pos="r" depth="1" NCoef="0" IVar="1" Cut="1.7416430711746216e+00" cType="1" res="-9.9000000000000000e+01" rms="0.0000000000000000e+00" purity="5.0523209571838379e-01" nType="0">
          <Node pos="l" depth="2" NCoef="0" IVar="2" Cut="8.0726546049118042e-01" cType="0" res="-9.9000000000000000e+01" rms="0.0000000000000000e+00" purity="5.0810176134109497e-01" nType="0">
            <Node pos="l" depth="3" NCoef="0" IVar="-1" Cut="0.0000000000000000e+00" cType="1" res="-9.9000000000000000e+01" rms="0.0000000000000000e+00" purity="5.2215671539306641e-01" nType="1"/>
            <Node pos="r" depth="3" NCoef="0" IVar="-1" Cut="0.0000000000000000e+00" cType="1" res="-9.9000000000000000e+01" rms="0.0000000000000000e+00" purity="4.9837970733642578e-01" nType="-1"/>
          </Node>
          <Node pos="r" depth="2" NCoef="0" IVar="-1" Cut="0.0000000000000000e+00" cType="1" res="-9.9000000000000000e+01" rms="0.0000000000000000e+00" purity="4.7587767243385315e-01" nType="-1"/>
        </Node>
      </Node>
    </BinaryTree>
    <BinaryTree type="DecisionTree" boostWeight="4.0867458017103189e-02" itree="32">
      <Node pos="s" depth="0" NCoef="0" IVar="2" Cut="9.5235401391983032e-01" cType="1" res="-9.9000000000000000e+01" rms="0.0000000000000000e+00" purity="5.0884789228439331e-01" nType="0">
        <Node pos="l" depth="1" NCoef="0" IVar="0" Cut="-1.6904406547546387e+00" cType="0" res="-9.9000000000000000e+01" rms="0.0000000000000000e+00" purity="5.1238316297531128e-01" nType="0">
          <Node pos="l" depth="2" NCoef="0" IVar="-1" Cut="-2.7090591192245483e-01" cType="1" res="-9.9000000000000000e+01" rms="0.0000000000000000e+00" purity="5.1734501123428345e-01" nType="1"/>
          <Node pos="r" depth="2" NCoef="0" IVar="-1" Cut="0.0000000000000000e+00" cType="1" res="-9.9000000000000000e+01" rms="0.0000000000000000e+00" purity="4.3378174304962158e-01" nType="-1"/>
        </Node>
        <Node pos="r" depth="1" NCoef="0" IVar="-1" Cut="9.7730469703674316e-01" cType="0" res="-9.9000000000000000e+01" rms="0.0000000000000000e+00" purity="4.7805088758468628e-01" nType="-1"/>
      </Node>
    </BinaryTree>
    <BinaryTree type="DecisionTree" boostWeight="5.4317481745928681e-02" itree="33">
      <Node pos="s" depth="0" NCoef="0" IVar="2" Cut="3.3339142799377441e-01" cType="1" res="-9.9000000000000000e+01" rms="0.0000000000000000e+00" purity="5.0182604789733887e-01" nType="0">
        <Node pos="l" depth="1" NCoef="0" IVar="-1" Cut="3.5421520471572876e-01" cType="1" res="-9.9000000000000000e+01" rms="0.0000000000000000e+00" purity="5.2081847190856934e-01" nType="1"/>
        <Node pos="r" depth="1" NCoef="0" IVar="1" Cut="7.3673397302627563e-01" cType="0" res="-9.9000000000000000e+01" rms="0.0000000000000000e+00" purity="4.9891504645347595e-01" nType="0">
          <Node pos="l" depth="2" NCoef="0" IVar="1" Cut="1.6140776872634888e+00" cType="1" res="-9.9000000000000000e+01" rms="0.0000000000000000e+00" purity="5.1785153150558472e-01" nType="0">
            <Node pos="l" depth="3" NCoef="0" IVar="-1" Cut="0.0000000000000000e+00" cType="1" res="-9.9000000000000000e+01" rms="0.0000000000000000e+00" purity="5.3868901729583740e-01" nType="1"/>
            <Node pos="r" depth="3" NCoef="0" IVar="-1" Cut="0.0000000000000000e+00" cType="1" res="-9.9000000000000000e+01" rms="0.0000000000000000e+00" purity="4.6311715245246887e-01" nType="-1"/>
          </Node>
          <Node pos="r" depth="2" NCoef="0" IVar="1" Cut="4.1769915819168091e-01" cType="1" res="-9.9000000000000000e+01" rms="0.0000000000000000e+00" purity="4.8293927311897278e-01" nType="0">
            <Node pos="l" depth="3" NCoef="0" IVar="-1" Cut="0.0000000000000000e+00" cType="1" res="-9.9000000000000000e+01" rms="0.0000000000000000e+00" purity="5.0175017118453979e-01" nType="1"/>
            <Node pos="r" depth="3" NCoef="0" IVar="-1" Cut="0.0000000000000000e+00" cType="1" res="-9.9000000000000000e+01" rms="0.0000000000000000e+00" purity="4.3420642614364624e-01" nType="-1"/>
          </Node>
        </Node>
      </Node>
    </BinaryTree>
    <BinaryTree type="DecisionTree" boostWeight="6.2823203724738805e-02" itree="34">
      <Node pos="s" depth="0" NCoef="0" IVar="1" Cut="1.0717036724090576e+00" cType="0" res="-9.9000000000000000e+01" rms="0.0000000000000000e+00" purity="4.9476933479309082e-01" nType="0">
        <Node pos="l" depth="1" NCoef="0" IVar="1" Cut="1.8693003654479980e+00" cType="1" res="-9.9000000000000000e+01" rms="0.0000000000000000e+00" purity="5.0808030366897583e-01" nType="0">
          <Node pos="l" depth="2" NCoef="0" IVar="2" Cut="6.6692405939102173e-01" cType="0" res="-9.9000000000000000e+01" rms="0.0000000000000000e+00" purity="5.2347892522811890e-01" nType="0">
            <Node pos="l" depth="3" NCoef="0" IVar="-1" Cut="0.0000000000000000e+00" cType="1" res="-9.9000000000000000e+01" rms="0.0000000000000000e+00" purity="5.4715514183044434e-01" nType="1"/>
            <Node pos="r" depth="3" NCoef="0" IVar="-1" Cut="0.0000000000000000e+00" cType="1" res="-9.9000000000000000e+01" rms="0.0000000000000000e+00" purity="4.8776724934577942e-01" nType="-1"/>
          </Node>
          <Node pos="r" depth="2" NCoef="0" IVar="-1" Cut="0.0000000000000000e+00" cType="1" res="-9.9000000000000000e+01" rms="0.0000000000000000e+00" purity="4.5579841732978821e-01" nType="-1"/>
        </Node>
        <Node pos="r" depth="1" NCoef="0" IVar="1" Cut="8.9606124162673950e-01" cType="1" res="-9.9000000000000000e+01" rms="0.0000000000000000e+00" purity="4.8915636539459229e-01" nType="0">
          <Node pos="l" depth="2" NCoef="0" IVar="2" Cut="4.2861643433570862e-01" cType="1" res="-9.9000000000000000e+01" rms="0.0000000000000000e+00" purity="4.9734508991241455e-01" nType="0">
            <Node pos="l" depth="3" NCoef="0" IVar="-1" Cut="0.0000000000000000e+00" cType="1" res="-9.9000000000000000e+01" rms="0.0000000000000000e+00" purity="5.4953008890151978e-01" nType="1"/>
            <Node pos="r" depth="3" NCoef="0" IVar="-1" Cut="0.0000000000000000e+00" cType="1" res="-9.9000000000000000e+01" rms="0.0000000000000000e+00" purity="4.8330146074295044e-01" nType="-1"/>
          </Node>
          <Node pos="r" depth="2" NCoef="0" IVar="-1" Cut="0.0000000000000000e+00" cType="1" res="-9.9000000000000000e+01" rms="0.0000000000000000e+00" purity="4.2308768630027771e-01" nType="-1"/>
        </Node>
      </Node>
    </BinaryTree>
    <BinaryTree type="DecisionTree" boostWeight="6.8588538752446512e-02" itree="35">
      <Node pos="s" depth="0" NCoef="0" IVar="0" Cut="-1.9277872145175934e-01" cType="1" res="-9.9000000000000000e+01" rms="0.0000000000000000e+00" purity="5.0198036432266235e-01" nType="0">
        <Node pos="l" depth="1" NCoef="0" IVar="2" Cut="5.2402555942535400e-01" cType="1" res="-9.9000000000000000e+01" rms="0.0000000000000000e+00" purity="5.1316362619400024e-01" nType="0">
          <Node pos="l" depth="2" NCoef="0" IVar="-1" Cut="0.0000000000000000e+00" cType="1" res="-9.9000000000000000e+01" rms="0.0000000000000000e+00" purity="7.0081603527069092e-01" nType="1"/>
          <Node pos="r" depth="2" NCoef="0" IVar="-1" Cut="6.8278819322586060e-01" cType="0" res="-9.9000000000000000e+01" rms="0.0000000000000000e+00" purity="4.8421549797058105e-01" nType="-1"/>
        </Node>
        <Node pos="r" depth="1" NCoef="0" IVar="0" Cut="1.9189373254776001e+00" cType="1" res="-9.9000000000000000e+01" rms="0.0000000000000000e+00" purity="4.9492272734642029e-01" nType="0">
          <Node pos="l" depth="2" NCoef="0" IVar="0" Cut="1.4148696660995483e+00" cType="0" res="-9.9000000000000000e+01" rms="0.0000000000000000e+00" purity="5.0980055332183838e-01" nType="0">
            <Node pos="l" depth="3" NCoef="0" IVar="-1" Cut="0.0000000000000000e+00" cType="1" res="-9.9000000000000000e+01" rms="0.0000000000000000e+00" purity="5.8600509166717529e-01" nType="1"/>
            <Node pos="r" depth="3" NCoef="0" IVar="-1" Cut="0.0000000000000000e+00" cType="1" res="-9.9000000000000000e+01" rms="0.0000000000000000e+00" purity="4.9533069133758545e-01" nType="-1"/>
          </Node>
          <Node pos="r" depth="2" NCoef="0" IVar="-1" Cut="0.0000000000000000e+00" cType="1" res="-9.9000000000000000e+01" rms="0.0000000000000000e+00" purity="3.2788273692131042e-01" nType="-1"/>
        </Node>
      </Node>
    </BinaryTree>
    <BinaryTree type="DecisionTree" boostWeight="7.7416795855051956e-02" itree="36">
      <Node pos="s" depth="0" NCoef="0" IVar="2" Cut="4.2861643433570862e-01" cType="0" res="-9.9000000000000000e+01" rms="0.0000000000000000e+00" purity="5.1430207490921021e-01" nType="0">
        <Node pos="l" depth="1" NCoef="0" IVar="1" Cut="7.3673397302627563e-01" cType="0" res="-9.9000000000000000e+01" rms="0.0000000000000000e+00" purity="5.1924419403076172e-01" nType="0">
          <Node pos="l" depth="2" NCoef="0" IVar="-1" Cut="-4.1286292672157288e-01" cType="0" res="-9.9000000000000000e+01" rms="0.0000000000000000e+00" purity="5.4118198156356812e-01" nType="1"/>
          <Node pos="r" depth="2" NCoef="0" IVar="1" Cut="2.5819060206413269e-01" cType="1" res="-9.9000000000000000e+01" rms="0.0000000000000000e+00" purity="5.0030094385147095e-01" nType="0">
            <Node pos="l" depth="3" NCoef="0" IVar="-1" Cut="0.0000000000000000e+00" cType="1" res="-9.9000000000000000e+01" rms="0.0000000000000000e+00" purity="5.1697015762329102e-01" nType="1"/>
            <Node pos="r" depth="3" NCoef="0" IVar="-1" Cut="0.0000000000000000e+00" cType="1" res="-9.9000000000000000e+01" rms="0.0000000000000000e+00" purity="4.7484210133552551e-01" nType="-1"/>
          </Node>
        </Node>
        <Node pos="r" depth="1" NCoef="0" IVar="0" Cut="2.1909271180629730e-01" cType="1" res="-9.9000000000000000e+01" rms="0.0000000000000000e+00" purity="4.9332630634307861e-01" nType="0">
          <Node pos="l" depth="2" NCoef="0" IVar="-1" Cut="0.0000000000000000e+00" cType="1" res="-9.9000000000000000e+01" rms="0.0000000000000000e+00" purity="6.1521571874618530e-01" nType="1"/>
          <Node pos="r" depth="2" NCoef="0" IVar="-1" Cut="2.6524370908737183e-01" cType="0" res="-9.9000000000000000e+01" rms="0.0000000000000000e+00" purity="4.4133868813514709e-01" nType="-1"/>
        </Node>
      </Node>
    </BinaryTree>
    <BinaryTree type="DecisionTree" boostWeight="6.8421613154448738e-02" itree="37">
      <Node pos="s" depth="0" NCoef="0" IVar="0" Cut="1.1508243083953857e+00" cType="1" res="-9.9000000000000000e+01" rms="0.0000000000000000e+00" purity="5.0679796934127808e-01" nType="0">
        <Node pos="l" depth="1" NCoef="0" IVar="2" Cut="6.6667896509170532e-01" cType="0" res="-9.9000000000000000e+01" rms="0.0000000000000000e+00" purity="5.0969511270523071e-01" nType="0">
          <Node pos="l" depth="2" NCoef="0" IVar="-1" Cut="4.1271481662988663e-02" cType="0" res="-9.9000000000000000e+01" rms="0.0000000000000000e+00" purity="5.2156126499176025e-01" nType="1"/>
          <Node pos="r" depth="2" NCoef="0" IVar="0" Cut="4.9236819148063660e-01" cType="1" res="-9.9000000000000000e+01" rms="0.0000000000000000e+00" purity="4.9021315574645996e-01" nType="0">
            <Node pos="l" depth="3" NCoef="0" IVar="-1" Cut="0.0000000000000000e+00" cType="1" res="-9.9000000000000000e+01" rms="0.0000000000000000e+00" purity="5.2175182104110718e-01" nType="1"/>
            <Node pos="r" depth="3" NCoef="0" IVar="-1" Cut="0.0000000000000000e+00" cType="1" res="-9.9000000000000000e+01" rms="0.0000000000000000e+00" purity="4.3380278348922729e-01" nType="-1"/>
          </Node>
        </Node>
        <Node pos="r" depth="1" NCoef="0" IVar="0" Cut="1.8335340023040771e+00" cType="1" res="-9.9000000000000000e+01" rms="0.0000000000000000e+00" purity="4.9502664804458618e-01" nType="0">
          <Node pos="l" depth="2" NCoef="0" IVar="-1" Cut="0.0000000000000000e+00" cType="1" res="-9.9000000000000000e+01" rms="0.0000000000000000e+00" purity="5.4015040397644043e-01" nType="1"/>
          <Node pos="r" depth="2" NCoef="0" IVar="-1" Cut="0.0000000000000000e+00" cType="1" res="-9.9000000000000000e+01" rms="0.0000000000000000e+00" purity="3.9370772242546082e-01" nType="-1"/>
        </Node>
      </Node>
    </BinaryTree>
    <BinaryTree type="DecisionTree" boostWeight="4.5433272426946898e-02" itree="38">
      <Node pos="s" depth="0" NCoef="0" IVar="2" Cut="7.1429145336151123e-01" cType="1" res="-9.9000000000000000e+01" rms="0.0000000000000000e+00" purity="4.9549508094787598e-01" nType="0">
        <Node pos="l" depth="1" NCoef="0" IVar="0" Cut="-1.0320171117782593e+00" cType="0" res="-9.9000000000000000e+01" rms="0.0000000000000000e+00" purity="5.0457704067230225e-01" nType="0">
          <Node pos="l" depth="2" NCoef="0" IVar="2" Cut="6.4625883102416992e-01" cType="0" res="-9.9000000000000000e+01" rms="0.0000000000000000e+00" purity="5.1290386915206909e-01" nType="0">
            <Node pos="l" depth="3" NCoef="0" IVar="-1" Cut="0.0000000000000000e+00" cType="1" res="-9.9000000000000000e+01" rms="0.0000000000000000e+00" purity="5.7612407207489014e-01" nType="1"/>
            <Node pos="r" depth="3" NCoef="0" IVar="-1" Cut="0.0000000000000000e+00" cType="1" res="-9.9000000000000000e+01" rms="0.0000000000000000e+00" purity="4.9994236230850220e-01" nType="-1"/>
          </Node>
          <Node pos="r" depth="2" NCoef="0" IVar="-1" Cut="0.0000000000000000e+00" cType="1" res="-9.9000000000000000e+01" rms="0.0000000000000000e+00" purity="4.4155210256576538e-01" nType="-1"/>
        </Node>
        <Node pos="r" depth="1" NCoef="0" IVar="0" Cut="1.1508243083953857e+00" cType="1" res="-9.9000000000000000e+01" rms="0.0000000000000000e+00" purity="4.8730298876762390e-01" nType="0">
          <Node pos="l" depth="2" NCoef="0" IVar="1" Cut="7.3673397302627563e-01" cType="0" res="-9.9000000000000000e+01" rms="0.0000000000000000e+00" purity="4.9821224808692932e-01" nType="0">
            <Node pos="l" depth="3" NCoef="0" IVar="-1" Cut="0.0000000000000000e+00" cType="1" res="-9.9000000000000000e+01" rms="0.0000000000000000e+00" purity="5.1724499464035034e-01" nType="1"/>
            <Node pos="r" depth="3" NCoef="0" IVar="-1" Cut="0.0000000000000000e+00" cType="1" res="-9.9000000000000000e+01" rms="0.0000000000000000e+00" purity="4.8104268312454224e-01" nType="-1"/>
          </Node>
          <Node pos="r" depth="2" NCoef="0" IVar="-1" Cut="0.0000000000000000e+00" cType="1" res="-9.9000000000000000e+01" rms="0.0000000000000000e+00" purity="4.2344439029693604e-01" nType="-1"/>
        </Node>
      </Node>
    </BinaryTree>
    <BinaryTree type="DecisionTree" boostWeight="4.6544744540582383e-02" itree="39">
      <Node pos="s" depth="0" NCoef="0" IVar="2" Cut="7.1429145336151123e-01" cType="1" res="-9.9000000000000000e+01" rms="0.0000000000000000e+00" purity="5.0039601325988770e-01" nType="0">
        <Node pos="l" depth="1" NCoef="0" IVar="0" Cut="-1.0320171117782593e+00" cType="0" res="-9.9000000000000000e+01" rms="0.0000000000000000e+00" purity="5.1253044605255127e-01" nType="0">
          <Node pos="l" depth="2" NCoef="0" IVar="-1" Cut="-2.9979589581489563e-01" cType="1" res="-9.9000000000000000e+01" rms="0.0000000000000000e+00" purity="5.2040797472000122e-01" nType="1"/>
          <Node pos="r" depth="2" NCoef="0" IVar="-1" Cut="0.0000000000000000e+00" cType="1" res="-9.9000000000000000e+01" rms="0.0000000000000000e+00" purity="4.5278313755989075e-01" nType="-1"/>
        </Node>
        <Node pos="r" depth="1" NCoef="0" IVar="0" Cut="1.1508243083953857e+00" cType="1" res="-9.9000000000000000e+01" rms="0.0000000000000000e+00" purity="4.8944643139839172e-01" nType="0">
          <Node pos="l" depth="2" NCoef="0" IVar="0" Cut="3.1770688295364380e-01" cType="0" res="-9.9000000000000000e+01" rms="0.0000000000000000e+00" purity="4.9879565834999084e-01" nType="0">
            <Node pos="l" depth="3" NCoef="0" IVar="-1" Cut="0.0000000000000000e+00" cType="1" res="-9.9000000000000000e+01" rms="0.0000000000000000e+00" purity="5.2802056074142456e-01" nType="1"/>
            <Node pos="r" depth="3" NCoef="0" IVar="-1" Cut="0.0000000000000000e+00" cType="1" res="-9.9000000000000000e+01" rms="0.0000000000000000e+00" purity="4.8852297663688660e-01" nType="-1"/>
          </Node>
          <Node pos="r" depth="2" NCoef="0" IVar="-1" Cut="0.0000000000000000e+00" cType="1" res="-9.9000000000000000e+01" rms="0.0000000000000000e+00" purity="4.3457326292991638e-01" nType="-1"/>
        </Node>
      </Node>
    </BinaryTree>
    <BinaryTree type="DecisionTree" boostWeight="5.6422369781575950e-02" itree="40">
      <Node pos="s" depth="0" NCoef="0" IVar="1" Cut="7.3673397302627563e-01" cType="1" res="-9.9000000000000000e+01" rms="0.0000000000000000e+00" purity="4.9956029653549194e-01" nType="0">
        <Node pos="l" depth="1" NCoef="0" IVar="2" Cut="4.2861643433570862e-01" cType="1" res="-9.9000000000000000e+01" rms="0.0000000000000000e+00" purity="5.0750911235809326e-01" nType="0">
          <Node pos="l" depth="2" NCoef="0" IVar="-1" Cut="2.2445297241210938e-01" cType="0" res="-9.9000000000000000e+01" rms="0.0000000000000000e+00" purity="5.5318748950958252e-01" nType="1"/>
          <Node pos="r" depth="2" NCoef="0" IVar="1" Cut="-6.0826450586318970e-02" cType="0" res="-9.9000000000000000e+01" rms="0.0000000000000000e+00" purity="4.9487537145614624e-01" nType="0">
            <Node pos="l" depth="3" NCoef="0" IVar="-1" Cut="0.0000000000000000e+00" cType="1" res="-9.9000000000000000e+01" rms="0.0000000000000000e+00" purity="5.0941884517669678e-01" nType="1"/>
            <Node pos="r" depth="3" NCoef="0" IVar="-1" Cut="0.0000000000000000e+00" cType="1" res="-9.9000000000000000e+01" rms="0.0000000000000000e+00" purity="4.7253951430320740e-01" nType="-1"/>
          </Node>
        </Node>
        <Node pos="r" depth="1" NCoef="0" IVar="2" Cut="4.2883720993995667e-01" cType="0" res="-9.9000000000000000e+01" rms="0.0000000000000000e+00" purity="4.8963099718093872e-01" nType="0">
          <Node pos="l" depth="2" NCoef="0" IVar="0" Cut="-4.1286292672157288e-01" cType="0" res="-9.9000000000000000e+01" rms="0.0000000000000000e+00" purity="5.0556123256683350e-01" nType="0">
            <Node pos="l" depth="3" NCoef="0" IVar="-1" Cut="0.0000000000000000e+00" cType="1" res="-9.9000000000000000e+01" rms="0.0000000000000000e+00" purity="5.2056914567947388e-01" nType="1"/>
            <Node pos="r" depth="3" NCoef="0" IVar="-1" Cut="0.0000000000000000e+00" cType="1" res="-9.9000000000000000e+01" rms="0.0000000000000000e+00" purity="4.7809022665023804e-01" nType="-1"/>
          </Node>
          <Node pos="r" depth="2" NCoef="0" IVar="-1" Cut="0.0000000000000000e+00" cType="1" res="-9.9000000000000000e+01" rms="0.0000000000000000e+00" purity="4.0373173356056213e-01" nType="-1"/>
        </Node>
      </Node>
    </BinaryTree>
    <BinaryTree type="DecisionTree" boostWeight="6.3254738458074916e-02" itree="41">
      <Node pos="s" depth="0" NCoef="0" IVar="0" Cut="-1.9277872145175934e-01" cType="1" res="-9.9000000000000000e+01" rms="0.0000000000000000e+00" purity="4.9598982930183411e-01" nType="0">
        <Node pos="l" depth="1" NCoef="0" IVar="2" Cut="5.2402555942535400e-01" cType="1" res="-9.9000000000000000e+01" rms="0.0000000000000000e+00" purity="5.0964975357055664e-01" nType="0">
          <Node pos="l" depth="2" NCoef="0" IVar="-1" Cut="0.0000000000000000e+00" cType="1" res="-9.9000000000000000e+01" rms="0.0000000000000000e+00" purity="6.6481250524520874e-01" nType="1"/>
          <Node pos="r" depth="2" NCoef="0" IVar="2" Cut="6.8278819322586060e-01" cType="0" res="-9.9000000000000000e+01" rms="0.0000000000000000e+00" purity="4.8661050200462341e-01" nType="0">
            <Node pos="l" depth="3" NCoef="0" IVar="-1" Cut="0.0000000000000000e+00" cType="1" res="-9.9000000000000000e+01" rms="0.0000000000000000e+00" purity="5.0143414735794067e-01" nType="1"/>
            <Node pos="r" depth="3" NCoef="0" IVar="-1" Cut="0.0000000000000000e+00" cType="1" res="-9.9000000000000000e+01" rms="0.0000000000000000e+00" purity="4.2243358492851257e-01" nType="-1"/>
          </Node>
        </Node>
        <Node pos="r" depth="1" NCoef="0" IVar="2" Cut="4.7620677947998047e-01" cType="0" res="-9.9000000000000000e+01" rms="0.0000000000000000e+00" purity="4.8734119534492493e-01" nType="0">
          <Node pos="l" depth="2" NCoef="0" IVar="2" Cut="7.2564888000488281e-01" cType="1" res="-9.9000000000000000e+01" rms="0.0000000000000000e+00" purity="5.0164633989334106e-01" nType="0">
            <Node pos="l" depth="3" NCoef="0" IVar="-1" Cut="0.0000000000000000e+00" cType="1" res="-9.9000000000000000e+01" rms="0.0000000000000000e+00" purity="5.3156393766403198e-01" nType="1"/>
            <Node pos="r" depth="3" NCoef="0" IVar="-1" Cut="0.0000000000000000e+00" cType="1" res="-9.9000000000000000e+01" rms="0.0000000000000000e+00" purity="4.8308801651000977e-01" nType="-1"/>
          </Node>
          <Node pos="r" depth="2" NCoef="0" IVar="-1" Cut="6.7726612091064453e-01" cType="1" res="-9.9000000000000000e+01" rms="0.0000000000000000e+00" purity="4.5492932200431824e-01" nType="-1"/>
        </Node>
      </Node>
    </BinaryTree>
    <BinaryTree type="DecisionTree" boostWeight="4.2767246501862768e-02" itree="42">
      <Node pos="s" depth="0" NCoef="0" IVar="2" Cut="3.3339142799377441e-01" cType="1" res="-9.9000000000000000e+01" rms="0.0000000000000000e+00" purity="4.9639433622360229e-01" nType="0">
        <Node pos="l" depth="1" NCoef="0" IVar="-1" Cut="1.9049386680126190e-01" cType="1" res="-9.9000000000000000e+01" rms="0.0000000000000000e+00" purity="5.2208268642425537e-01" nType="1"/>
        <Node pos="r" depth="1" NCoef="0" IVar="0" Cut="7.0295661687850952e-01" cType="0" res="-9.9000000000000000e+01" rms="0.0000000000000000e+00" purity="4.9254849553108215e-01" nType="0">
          <Node pos="l" depth="2" NCoef="0" IVar="1" Cut="4.4599454849958420e-02" cType="0" res="-9.9000000000000000e+01" rms="0.0000000000000000e+00" purity="5.0727963447570801e-01" nType="0">
            <Node pos="l" depth="3" NCoef="0" IVar="-1" Cut="0.0000000000000000e+00" cType="1" res="-9.9000000000000000e+01" rms="0.0000000000000000e+00" purity="5.2140027284622192e-01" nType="1"/>
            <Node pos="r" depth="3" NCoef="0" IVar="-1" Cut="0.0000000000000000e+00" cType="1" res="-9.9000000000000000e+01" rms="0.0000000000000000e+00" purity="4.7194060683250427e-01" nType="-1"/>
          </Node>
          <Node pos="r" depth="2" NCoef="0" IVar="1" Cut="-2.6817512512207031e-01" cType="1" res="-9.9000000000000000e+01" rms="0.0000000000000000e+00" purity="4.8604965209960938e-01" nType="0">
            <Node pos="l" depth="3" NCoef="0" IVar="-1" Cut="0.0000000000000000e+00" cType="1" res="-9.9000000000000000e+01" rms="0.0000000000000000e+00" purity="5.2317994832992554e-01" nType="1"/>
            <Node pos="r" depth="3" NCoef="0" IVar="-1" Cut="0.0000000000000000e+00" cType="1" res="-9.9000000000000000e+01" rms="0.0000000000000000e+00" purity="4.8008692264556885e-01" nType="-1"/>
          </Node>
        </Node>
      </Node>
    </BinaryTree>
    <BinaryTree type="DecisionTree" boostWeight="2.9036164483186230e-02" itree="43">
      <Node pos="s" depth="0" NCoef="0" IVar="1" Cut="-6.0314482450485229e-01" cType="1" res="-9.9000000000000000e+01" rms="0.0000000000000000e+00" purity="4.9844613671302795e-01" nType="0">
        <Node pos="l" depth="1" NCoef="0" IVar="-1" Cut="0.0000000000000000e+00" cType="1" res="-9.9000000000000000e+01" rms="0.0000000000000000e+00" purity="5.2278840541839600e-01" nType="1"/>
        <Node pos="r" depth="1" NCoef="0" IVar="1" Cut="5.9378182888031006e-01" cType="1" res="-9.9000000000000000e+01" rms="0.0000000000000000e+00" purity="4.9634811282157898e-01" nType="0">
          <Node pos="l" depth="2" NCoef="0" IVar="0" Cut="1.1551356315612793e+00" cType="0" res="-9.9000000000000000e+01" rms="0.0000000000000000e+00" purity="5.0922584533691406e-01" nType="0">
            <Node pos="l" depth="3" NCoef="0" IVar="-1" Cut="0.0000000000000000e+00" cType="1" res="-9.9000000000000000e+01" rms="0.0000000000000000e+00" purity="5.4772090911865234e-01" nType="1"/>
            <Node pos="r" depth="3" NCoef="0" IVar="-1" Cut="0.0000000000000000e+00" cType="1" res="-9.9000000000000000e+01" rms="0.0000000000000000e+00" purity="4.9726271629333496e-01" nType="-1"/>
          </Node>
          <Node pos="r" depth="2" NCoef="0" IVar="-1" Cut="1.2905740737915039e+00" cType="1" res="-9.9000000000000000e+01" rms="0.0000000000000000e+00" purity="4.8587509989738464e-01" nType="-1"/>
        </Node>
      </Node>
    </BinaryTree>
    <BinaryTree type="DecisionTree" boostWeight="4.7948933713353063e-02" itree="44">
      <Node pos="s" depth="0" NCoef="0" IVar="0" Cut="1.1508243083953857e+00" cType="1" res="-9.9000000000000000e+01" rms="0.0000000000000000e+00" purity="5.0313287973403931e-01" nType="0">
        <Node pos="l" depth="1" NCoef="0" IVar="2" Cut="2.8577893972396851e-01" cType="1" res="-9.9000000000000000e+01" rms="0.0000000000000000e+00" purity="5.0653481483459473e-01" nType="0">
          <Node pos="l" depth="2" NCoef="0" IVar="-1" Cut="0.0000000000000000e+00" cType="1" res="-9.9000000000000000e+01" rms="0.0000000000000000e+00" purity="5.4849171638488770e-01" nType="1"/>
          <Node pos="r" depth="2" NCoef="0" IVar="2" Cut="6.5995872020721436e-01" cType="0" res="-9.9000000000000000e+01" rms="0.0000000000000000e+00" purity="5.0242429971694946e-01" nType="0">
            <Node pos="l" depth="3" NCoef="0" IVar="-1" Cut="0.0000000000000000e+00" cType="1" res="-9.9000000000000000e+01" rms="0.0000000000000000e+00" purity="5.1326841115951538e-01" nType="1"/>
            <Node pos="r" depth="3" NCoef="0" IVar="-1" Cut="0.0000000000000000e+00" cType="1" res="-9.9000000000000000e+01" rms="0.0000000000000000e+00" purity="4.7798803448677063e-01" nType="-1"/>
          </Node>
        </Node>
        <Node pos="r" depth="1" NCoef="0" IVar="0" Cut="1.8335340023040771e+00" cType="1" res="-9.9000000000000000e+01" rms="0.0000000000000000e+00" purity="4.8920145630836487e-01" nType="0">
          <Node pos="l" depth="2" NCoef="0" IVar="-1" Cut="0.0000000000000000e+00" cType="1" res="-9.9000000000000000e+01" rms="0.0000000000000000e+00" purity="5.2448141574859619e-01" nType="1"/>
          <Node pos="r" depth="2" NCoef="0" IVar="-1" Cut="0.0000000000000000e+00" cType="1" res="-9.9000000000000000e+01" rms="0.0000000000000000e+00" purity="4.0879598259925842e-01" nType="-1"/>
        </Node>
      </Node>
    </BinaryTree>
    <BinaryTree type="DecisionTree" boostWeight="7.3766280223599684e-02" itree="45">
      <Node pos="s" depth="0" NCoef="0" IVar="2" Cut="6.1906647682189941e-01" cType="1" res="-9.9000000000000000e+01" rms="0.0000000000000000e+00" purity="4.9797353148460388e-01" nType="0">
        <Node pos="l" depth="1" NCoef="0" IVar="0" Cut="-2.1667821705341339e-01" cType="1" res="-9.9000000000000000e+01" rms="0.0000000000000000e+00" purity="5.0933796167373657e-01" nType="0">
          <Node pos="l" depth="2" NCoef="0" IVar="-1" Cut="0.0000000000000000e+00" cType="1" res="-9.9000000000000000e+01" rms="0.0000000000000000e+00" purity="6.0827237367630005e-01" nType="1"/>
          <Node pos="r" depth="2" NCoef="0" IVar="2" Cut="3.8324570655822754e-01" cType="0" res="-9.9000000000000000e+01" rms="0.0000000000000000e+00" purity="4.8083043098449707e-01" nType="0">
            <Node pos="l" depth="3" NCoef="0" IVar="-1" Cut="0.0000000000000000e+00" cType="1" res="-9.9000000000000000e+01" rms="0.0000000000000000e+00" purity="5.1124346256256104e-01" nType="1"/>
            <Node pos="r" depth="3" NCoef="0" IVar="-1" Cut="0.0000000000000000e+00" cType="1" res="-9.9000000000000000e+01" rms="0.0000000000000000e+00" purity="4.5094826817512512e-01" nType="-1"/>
          </Node>
        </Node>
        <Node pos="r" depth="1" NCoef="0" IVar="0" Cut="-1.9277872145175934e-01" cType="0" res="-9.9000000000000000e+01" rms="0.0000000000000000e+00" purity="4.9171862006187439e-01" nType="0">
          <Node pos="l" depth="2" NCoef="0" IVar="0" Cut="9.8066115379333496e-01" cType="1" res="-9.9000000000000000e+01" rms="0.0000000000000000e+00" purity="5.0264966487884521e-01" nType="0">
            <Node pos="l" depth="3" NCoef="0" IVar="-1" Cut="0.0000000000000000e+00" cType="1" res="-9.9000000000000000e+01" rms="0.0000000000000000e+00" purity="5.2896863222122192e-01" nType="1"/>
            <Node pos="r" depth="3" NCoef="0" IVar="-1" Cut="0.0000000000000000e+00" cType="1" res="-9.9000000000000000e+01" rms="0.0000000000000000e+00" purity="4.5648789405822754e-01" nType="-1"/>
          </Node>
          <Node pos="r" depth="2" NCoef="0" IVar="2" Cut="8.7300235033035278e-01" cType="1" res="-9.9000000000000000e+01" rms="0.0000000000000000e+00" purity="4.7958359122276306e-01" nType="0">
            <Node pos="l" depth="3" NCoef="0" IVar="-1" Cut="0.0000000000000000e+00" cType="1" res="-9.9000000000000000e+01" rms="0.0000000000000000e+00" purity="5.0585711002349854e-01" nType="1"/>
            <Node pos="r" depth="3" NCoef="0" IVar="-1" Cut="0.0000000000000000e+00" cType="1" res="-9.9000000000000000e+01" rms="0.0000000000000000e+00" purity="4.4628214836120605e-01" nType="-1"/>
          </Node>
        </Node>
      </Node>
    </BinaryTree>
    <BinaryTree type="DecisionTree" boostWeight="3.6032328286633136e-02" itree="46">
      <Node pos="s" depth="0" NCoef="0" IVar="2" Cut="3.3339142799377441e-01" cType="1" res="-9.9000000000000000e+01" rms="0.0000000000000000e+00" purity="4.9416157603263855e-01" nType="0">
        <Node pos="l" depth="1" NCoef="0" IVar="-1" Cut="2.2222553193569183e-01" cType="0" res="-9.9000000000000000e+01" rms="0.0000000000000000e+00" purity="5.2180176973342896e-01" nType="1"/>
        <Node pos="r" depth="1" NCoef="0" IVar="0" Cut="1.5986919403076172e+00" cType="0" res="-9.9000000000000000e+01" rms="0.0000000000000000e+00" purity="4.9004697799682617e-01" nType="0">
          <Node pos="l" depth="2" NCoef="0" IVar="-1" Cut="0.0000000000000000e+00" cType="1" res="-9.9000000000000000e+01" rms="0.0000000000000000e+00" purity="5.1650249958038330e-01" nType="1"/>
          <Node pos="r" depth="2" NCoef="0" IVar="2" Cut="8.0954694747924805e-01" cType="0" res="-9.9000000000000000e+01" rms="0.0000000000000000e+00" purity="4.8752436041831970e-01" nType="0">
            <Node pos="l" depth="3" NCoef="0" IVar="-1" Cut="0.0000000000000000e+00" cType="1" res="-9.9000000000000000e+01" rms="0.0000000000000000e+00" purity="5.0562769174575806e-01" nType="1"/>
            <Node pos="r" depth="3" NCoef="0" IVar="-1" Cut="0.0000000000000000e+00" cType="1" res="-9.9000000000000000e+01" rms="0.0000000000000000e+00" purity="4.7275039553642273e-01" nType="-1"/>
          </Node>
        </Node>
      </Node>
    </BinaryTree>
    <BinaryTree type="DecisionTree" boostWeight="5.6939556121263175e-02" itree="47">
      <Node pos="s" depth="0" NCoef="0" IVar="2" Cut="6.1906647682189941e-01" cType="1" res="-9.9000000000000000e+01" rms="0.0000000000000000e+00" purity="4.9303227663040161e-01" nType="0">
        <Node pos="l" depth="1" NCoef="0" IVar="0" Cut="-2.1667821705341339e-01" cType="1" res="-9.9000000000000000e+01" rms="0.0000000000000000e+00" purity="5.0636953115463257e-01" nType="0">
          <Node pos="l" depth="2" NCoef="0" IVar="-1" Cut="0.0000000000000000e+00" cType="1" res="-9.9000000000000000e+01" rms="0.0000000000000000e+00" purity="5.9627622365951538e-01" nType="1"/>
          <Node pos="r" depth="2" NCoef="0" IVar="-1" Cut="2.6535591483116150e-01" cType="0" res="-9.9000000000000000e+01" rms="0.0000000000000000e+00" purity="4.8066237568855286e-01" nType="-1"/>
        </Node>
        <Node pos="r" depth="1" NCoef="0" IVar="0" Cut="-1.9277872145175934e-01" cType="0" res="-9.9000000000000000e+01" rms="0.0000000000000000e+00" purity="4.8570016026496887e-01" nType="0">
          <Node pos="l" depth="2" NCoef="0" IVar="2" Cut="8.9113646745681763e-01" cType="0" res="-9.9000000000000000e+01" rms="0.0000000000000000e+00" purity="4.9524107575416565e-01" nType="0">
            <Node pos="l" depth="3" NCoef="0" IVar="-1" Cut="0.0000000000000000e+00" cType="1" res="-9.9000000000000000e+01" rms="0.0000000000000000e+00" purity="5.2667611837387085e-01" nType="1"/>
            <Node pos="r" depth="3" NCoef="0" IVar="-1" Cut="0.0000000000000000e+00" cType="1" res="-9.9000000000000000e+01" rms="0.0000000000000000e+00" purity="4.7852382063865662e-01" nType="-1"/>
          </Node>
          <Node pos="r" depth="2" NCoef="0" IVar="-1" Cut="-1.6856833696365356e+00" cType="0" res="-9.9000000000000000e+01" rms="0.0000000000000000e+00" purity="4.7512397170066833e-01" nType="-1"/>
        </Node>
      </Node>
    </BinaryTree>
    <BinaryTree type="DecisionTree" boostWeight="4.9520571771338298e-02" itree="48">
      <Node pos="s" depth="0" NCoef="0" IVar="2" Cut="7.1429145336151123e-01" cType="1" res="-9.9000000000000000e+01" rms="0.0000000000000000e+00" purity="5.0166893005371094e-01" nType="0">
        <Node pos="l" depth="1" NCoef="0" IVar="0" Cut="1.5302904844284058e+00" cType="0" res="-9.9000000000000000e+01" rms="0.0000000000000000e+00" purity="5.1257187128067017e-01" nType="0">
          <Node pos="l" depth="2" NCoef="0" IVar="-1" Cut="0.0000000000000000e+00" cType="1" res="-9.9000000000000000e+01" rms="0.0000000000000000e+00" purity="5.5246961116790771e-01" nType="1"/>
          <Node pos="r" depth="2" NCoef="0" IVar="2" Cut="6.1225068569183350e-01" cType="1" res="-9.9000000000000000e+01" rms="0.0000000000000000e+00" purity="5.0564295053482056e-01" nType="0">
            <Node pos="l" depth="3" NCoef="0" IVar="-1" Cut="0.0000000000000000e+00" cType="1" res="-9.9000000000000000e+01" rms="0.0000000000000000e+00" purity="5.1603251695632935e-01" nType="1"/>
            <Node pos="r" depth="3" NCoef="0" IVar="-1" Cut="0.0000000000000000e+00" cType="1" res="-9.9000000000000000e+01" rms="0.0000000000000000e+00" purity="4.7861129045486450e-01" nType="-1"/>
          </Node>
        </Node>
        <Node pos="r" depth="1" NCoef="0" IVar="0" Cut="-1.0885140895843506e+00" cType="1" res="-9.9000000000000000e+01" rms="0.0000000000000000e+00" purity="4.9190133810043335e-01" nType="0">
          <Node pos="l" depth="2" NCoef="0" IVar="2" Cut="8.7753564119338989e-01" cType="1" res="-9.9000000000000000e+01" rms="0.0000000000000000e+00" purity="5.2262127399444580e-01" nType="0">
            <Node pos="l" depth="3" NCoef="0" IVar="-1" Cut="0.0000000000000000e+00" cType="1" res="-9.9000000000000000e+01" rms="0.0000000000000000e+00" purity="5.8623445034027100e-01" nType="1"/>
            <Node pos="r" depth="3" NCoef="0" IVar="-1" Cut="0.0000000000000000e+00" cType="1" res="-9.9000000000000000e+01" rms="0.0000000000000000e+00" purity="4.5941478013992310e-01" nType="-1"/>
          </Node>
          <Node pos="r" depth="2" NCoef="0" IVar="-1" Cut="1.4068963527679443e+00" cType="1" res="-9.9000000000000000e+01" rms="0.0000000000000000e+00" purity="4.8348990082740784e-01" nType="-1"/>
        </Node>
      </Node>
    </BinaryTree>
    <BinaryTree type="DecisionTree" boostWeight="4.6104837695318229e-02" itree="49">
      <Node pos="s" depth="0" NCoef="0" IVar="1" Cut="1.4066733121871948e+00" cType="1" res="-9.9000000000000000e+01" rms="0.0000000000000000e+00" purity="5.0372165441513062e-01" nType="0">
        <Node pos="l" depth="1" NCoef="0" IVar="1" Cut="6.4097833633422852e-01" cType="1" res="-9.9000000000000000e+01" rms="0.0000000000000000e+00" purity="5.0648558139801025e-01" nType="0">
          <Node pos="l" depth="2" NCoef="0" IVar="-1" Cut="3.8100394606590271e-01" cType="1" res="-9.9000000000000000e+01" rms="0.0000000000000000e+00" purity="5.1413440704345703e-01" nType="1"/>
          <Node pos="r" depth="2" NCoef="0" IVar="2" Cut="6.6677939891815186e-01" cType="0" res="-9.9000000000000000e+01" rms="0.0000000000000000e+00" purity="4.9367052316665649e-01" nType="0">
            <Node pos="l" depth="3" NCoef="0" IVar="-1" Cut="0.0000000000000000e+00" cType="1" res="-9.9000000000000000e+01" rms="0.0000000000000000e+00" purity="5.1203626394271851e-01" nType="1"/>
            <Node pos="r" depth="3" NCoef="0" IVar="-1" Cut="0.0000000000000000e+00" cType="1" res="-9.9000000000000000e+01" rms="0.0000000000000000e+00" purity="4.6505695581436157e-01" nType="-1"/>
          </Node>
        </Node>
        <Node pos="r" depth="1" NCoef="0" IVar="1" Cut="1.9810973405838013e+00" cType="1" res="-9.9000000000000000e+01" rms="0.0000000000000000e+00" purity="4.9136108160018921e-01" nType="0">
          <Node pos="l" depth="2" NCoef="0" IVar="-1" Cut="1.6803106069564819e+00" cType="0" res="-9.9000000000000000e+01" rms="0.0000000000000000e+00" purity="5.2989929914474487e-01" nType="1"/>
          <Node pos="r" depth="2" NCoef="0" IVar="-1" Cut="0.0000000000000000e+00" cType="1" res="-9.9000000000000000e+01" rms="0.0000000000000000e+00" purity="3.9476644992828369e-01" nType="-1"/>
        </Node>
      </Node>
    </BinaryTree>
  </Weights>
</MethodSetup>
