<?xml version="1.0"?>
<MethodSetup Method="MLP::MLP">
  <GeneralInfo>
    <Info name="TMVA Release" value="4.2.1 [262657]"/>
    <Info name="ROOT Release" value="6.20/00 [398336]"/>
    <Info name="Creator" value="riccardo"/>
    <Info name="Date" value="Wed Mar 15 19:55:15 2023"/>
    <Info name="Host" value="Linux Riccardo 5.5.7-arch1-1 #1 SMP PREEMPT Sat, 29 Feb 2020 19:06:02 +0000 x86_64 GNU/Linux"/>
    <Info name="Dir" value="/home/riccardo/Desktop/Analisi_Dati_2/train"/>
    <Info name="Training events" value="20000"/>
    <Info name="TrainingTime" value="8.23321199e+00"/>
    <Info name="AnalysisType" value="Classification"/>
  </GeneralInfo>
  <Options>
    <Option name="NCycles" modified="No">500</Option>
    <Option name="HiddenLayers" modified="Yes">3</Option>
    <Option name="NeuronType" modified="No">sigmoid</Option>
    <Option name="RandomSeed" modified="No">1</Option>
    <Option name="EstimatorType" modified="No">CE</Option>
    <Option name="NeuronInputType" modified="No">sum</Option>
    <Option name="V" modified="Yes">False</Option>
    <Option name="VerbosityLevel" modified="No">Default</Option>
    <Option name="VarTransform" modified="No">None</Option>
    <Option name="H" modified="Yes">True</Option>
    <Option name="CreateMVAPdfs" modified="No">False</Option>
    <Option name="IgnoreNegWeightsInTraining" modified="No">False</Option>
    <Option name="TrainingMethod" modified="No">BP</Option>
    <Option name="LearningRate" modified="No">2.000000e-02</Option>
    <Option name="DecayRate" modified="No">1.000000e-02</Option>
    <Option name="TestRate" modified="No">10</Option>
    <Option name="EpochMonitoring" modified="No">False</Option>
    <Option name="Sampling" modified="No">1.000000e+00</Option>
    <Option name="SamplingEpoch" modified="No">1.000000e+00</Option>
    <Option name="SamplingImportance" modified="No">1.000000e+00</Option>
    <Option name="SamplingTraining" modified="No">True</Option>
    <Option name="SamplingTesting" modified="No">False</Option>
    <Option name="ResetStep" modified="No">50</Option>
    <Option name="Tau" modified="No">3.000000e+00</Option>
    <Option name="BPMode" modified="No">sequential</Option>
    <Option name="BatchSize" modified="No">-1</Option>
    <Option name="ConvergenceImprove" modified="No">1.000000e-30</Option>
    <Option name="ConvergenceTests" modified="No">-1</Option>
    <Option name="UseRegulator" modified="No">False</Option>
    <Option name="UpdateLimit" modified="No">10000</Option>
    <Option name="CalculateErrors" modified="No">False</Option>
    <Option name="WeightRange" modified="No">1.000000e+00</Option>
  </Options>
  <Variables NVar="3">
    <Variable VarIndex="0" Expression="x" Label="x" Title="x" Unit="" Internal="x" Type="F" Min="-4.67145538e+00" Max="4.73376560e+00"/>
    <Variable VarIndex="1" Expression="y" Label="y" Title="y" Unit="" Internal="y" Type="F" Min="-2.61296296e+00" Max="4.42140055e+00"/>
    <Variable VarIndex="2" Expression="z" Label="z" Title="z" Unit="" Internal="z" Type="F" Min="1.03908125e-04" Max="9.99966502e-01"/>
  </Variables>
  <Spectators NSpec="0"/>
  <Classes NClass="2">
    <Class Name="Signal" Index="0"/>
    <Class Name="Background" Index="1"/>
  </Classes>
  <Transformations NTransformations="0"/>
  <MVAPdfs/>
  <Weights>
    <Layout NLayers="3">
      <Layer Index="0" NNeurons="4">
        <Neuron NSynapses="3">
          -1.1174963297265437e+00 2.1832637198626137e+00 -2.3594454842693047e+00 
        </Neuron>
        <Neuron NSynapses="3">
          5.6257258669568500e-01 6.1524586966719641e-01 -1.0280362041372191e+00 
        </Neuron>
        <Neuron NSynapses="3">
          2.4559984719716716e+00 4.0868187236437092e-01 1.1274246273753297e+00 
        </Neuron>
        <Neuron NSynapses="3">
          -3.0513901377013655e+00 -4.1618342679263121e+00 2.8500090657185556e-01 
        </Neuron>
      </Layer>
      <Layer Index="1" NNeurons="4">
        <Neuron NSynapses="1">
          -1.2835910112890232e+01 
        </Neuron>
        <Neuron NSynapses="1">
          -6.8945660904077704e+00 
        </Neuron>
        <Neuron NSynapses="1">
          5.1894209120907080e+00 
        </Neuron>
        <Neuron NSynapses="1">
          2.4083180105430508e+00 
        </Neuron>
      </Layer>
      <Layer Index="2" NNeurons="1">
        <Neuron NSynapses="0"/>
      </Layer>
    </Layout>
  </Weights>
</MethodSetup>
